Workbook

Sheet jira_full_export
A1: Issue Key | B1: Issue Type | C1: Summary | D1: Description | E1: Status | F1: Priority | G1: Resolution | H1: Created | I1: Updated | J1: Resolved | K1: Component/s | L1: Affects Version/s | M1: Fix Version/s | N1: Reporter | O1: Assignee | P1: Votes | Q1: Watchers | R1: Original Estimate | S1: Remaining Estimate | T1: Time Spent | U1: Work Ratio | V1: Аудитория | W1: Группа A/B теста | X1: Категория проблемы | Y1: Кафедра | Z1: Влияние на процесс | AA1: Источник заявки | AB1: Время решения (часы) | AC1: Комментарии | AD1: Labels | AE1: Environment | AF1: Linked Issues | AG1: Created Date | AH1: Resolved Date | AI1: Due Date | AJ1: Количество повторов | AK1: Сложность решения | AL1: Тип вмешательства
A2: MMC-1004 | B2: Инцидент | C2: Не могу включить проектор в аудитории Гл-108 | D2: ЗАЯВКА В ТЕХПОДДЕРЖКУ 1. Общие сведения: - Аудитория: Гл-108 - Преподаватель: Волков Б.Б. - Подразделение: Кафедра безопасности информационных систем - Дата/время: 17.03.2024 17:27 2. Суть проблемы: Не могу включить проектор 3. Симптомы: Система зависает при определенных действиях 4. Влияние на учебный процесс: Проведено с ограничениями Контакт для обратной связи: Волков Б.Б. | E2: Решена | F2: Low | G2: Решено | H2: 45931.416 | I2: 45932.26 | J2: 45932.26 | K2: Другое оборудование | L2: MMC v2.7 | M2: MMC v4.1 | N2: Волков Б.Б. | P2: 0 | Q2: support_team | T2: 5h | U2: 217 | V2: Гл-108 | W2: A | X2: Не могу включить проектор | Y2: Кафедра безопасности информационных систем | Z2: Высокое | AA2: Телефон | AB2: 20.2 | AD2: software | AE2: Windows 7 / Intel CPU | AG2: 45931.416 | AH2: 45932.26 | AJ2: 2 | AK2: Низкая | AL2: Консультация
A3: MMC-1097 | B3: Инцидент | C3: Неисправность оборудования в Гл-210: Не могу включить проектор | D3: СООБЩЕНИЕ О ПРОБЛЕМЕ ------------------ Аудитория: Гл-210 Оборудование: Мультимедийный комплекс Преподаватель: Кузнецов А.А. Кафедра: Кафедра иностранных языков ПРОБЛЕМА: Не могу включить проектор ВРЕМЯ ВОЗНИКНОВЕНИЯ: 25.03.2024 15:43 ДОПОЛНИТЕЛЬНАЯ ИНФОРМАЦИЯ: Проблема возникает при каждом использовании СТАТУС: Требуется вмешательство специалиста | E3: Решена | F3: Medium | G3: Решено | H3: 45931.508 | I3: 45931.824 | J3: 45931.824 | K3: Сетевое оборудование | L3: MMC v3.3 | M3: MMC v2.5 | N3: Кузнецов А.А. | O3: Смирнова О.Л. | P3: 0 | Q3: multimedia_dept | R3: 2h | T3: 3h | U3: 147 | V3: Гл-210 | W3: B | X3: Не могу включить проектор | Y3: Кафедра иностранных языков | Z3: Низкое | AA3: Портал самообслуживания | AB3: 7.6 | AD3: equipment | AE3: Windows 10 / AMD CPU | AG3: 45931.508 | AH3: 45931.824 | AI3: 45934 | AJ3: 1 | AK3: Высокая | AL3: Консультация
A4: MMC-1033 | B4: Инцидент | C4: Нет изображения на экране в аудитории Гл-115 | D4: СООБЩЕНИЕ О ПРОБЛЕМЕ ------------------ Аудитория: Гл-115 Оборудование: Мультимедийный комплекс Преподаватель: Иванов В.В. Кафедра: Кафедра иностранных языков ПРОБЛЕМА: Нет изображения на экране ВРЕМЯ ВОЗНИКНОВЕНИЯ: 15.03.2024 17:00 ДОПОЛНИТЕЛЬНАЯ ИНФОРМАЦИЯ: Проблема возникает при каждом использовании СТАТУС: Требуется вмешательство специалиста | E4: Решена | F4: Low | G4: Решено | H4: 45931.585 | I4: 45932.596 | J4: 45932.596 | K4: ПО | L4: MMC v3.9 | M4: MMC v4.1 | N4: Иванов В.В. | O4: Кузнецова Е.П. | P4: 2 | T4: 4h | U4: 427 | V4: Гл-115 | W4: A | X4: Нет изображения на экране | Y4: Кафедра иностранных языков | Z4: Низкое | AA4: Телефон | AB4: 24.2 | AD4: training_needed | AE4: Windows 11 / Intel CPU | AG4: 45931.585 | AH4: 45932.596 | AJ4: 1 | AK4: Средняя | AL4: На месте
A5: MMC-1091 | B5: Проблема | C5: Неисправность оборудования в Гл-211: Другая проблема | D5: СООБЩЕНИЕ О ПРОБЛЕМЕ ------------------ Аудитория: Гл-211 Оборудование: Мультимедийный комплекс Преподаватель: Смирнов В.В. Кафедра: Кафедра инженерной графики ПРОБЛЕМА: Другая проблема ВРЕМЯ ВОЗНИКНОВЕНИЯ: 17.03.2024 09:25 ДОПОЛНИТЕЛЬНАЯ ИНФОРМАЦИЯ: Проблема возникает при каждом использовании СТАТУС: Требуется вмешательство специалиста | E5: Решена | F5: Medium | G5: Решено | H5: 45931.734 | I5: 45933.326 | J5: 45933.326 | K5: Акустика | L5: MMC v2.2 | M5: MMC v2.9 | N5: Смирнов В.В. | O5: Сидоров Д.К. | P5: 3 | Q5: support_team | T5: 4h | U5: 218 | V5: Гл-211 | W5: B | X5: Другая проблема | Y5: Кафедра инженерной графики | Z5: Критичное | AA5: Портал самообслуживания | AB5: 38.2 | AD5: multimedia | AE5: Windows 8 / AMD CPU | AG5: 45931.734 | AH5: 45933.326 | AI5: 45932 | AJ5: 0 | AK5: Высокая | AL5: На месте
A6: MMC-1074 | B6: Запрос на обслуживание | C6: Аудитория Гл-208: Сложность с настройкой источников | D6: ЗАЯВКА В ТЕХПОДДЕРЖКУ 1. Общие сведения: - Аудитория: Гл-208 - Преподаватель: Васильев А.А. - Подразделение: Кафедра информатики и вычислительной техники - Дата/время: 09.03.2024 15:54 2. Суть проблемы: Сложность с настройкой источников 3. Симптомы: Изображение/звук появляются и пропадают 4. Влияние на учебный процесс: Перенесено в другую аудиторию Контакт для обратной связи: Васильев А.А. | E6: Решена | F6: Low | G6: Решено | H6: 45932.428 | I6: 45934.122 | J6: 45934.122 | K6: Сетевое оборудование | L6: MMC v2.4 | M6: MMC v4.9 | N6: Васильев А.А. | O6: Кузнецова Е.П. | P6: 3 | R6: 4h | T6: 6h | U6: 348 | V6: Гл-208 | W6: B | X6: Сложность с настройкой источников | Y6: Кафедра информатики и вычислительной техники | Z6: Среднее | AA6: Телефон | AB6: 40.6 | AC6: Проблема в драйверах. Обновлено программное обеспечение. | AD6: multimedia | AE6: Windows 9 / AMD CPU | AG6: 45932.428 | AH6: 45934.122 | AI6: 45937 | AJ6: 0 | AK6: Низкая | AL6: Удаленно
A7: MMC-1025 | B7: Проблема | C7: Неисправность оборудования в Гл-105: Не могу включить проектор | D7: Преподаватель: Васильев В.В. Подразделение: Кафедра иностранных языков Аудитория: Гл-105 Дата возникновения проблемы: 02.03.2024 15:54 Описание проблемы: Не могу включить проектор Предпринятые действия: Проверил настройки ПО, проблема не решена Контактный телефон: +7 (978) 390-84-70 | E7: Решена | F7: Medium | G7: Решено | H7: 45932.449 | I7: 45932.815 | J7: 45932.815 | K7: Сетевое оборудование | L7: MMC v1.1 | M7: MMC v3.9 | N7: Васильев В.В. | P7: 1 | Q7: support_team | T7: 5h | U7: 380 | V7: Гл-105 | W7: A | X7: Не могу включить проектор | Y7: Кафедра иностранных языков | Z7: Среднее | AA7: Личное обращение | AB7: 8.8 | AC7: Требуется замена блока питания. Оборудование снято с эксплуатации. | AD7: urgent | AE7: Windows 10 / AMD CPU | AG7: 45932.449 | AH7: 45932.815 | AI7: 45939 | AJ7: 1 | AK7: Средняя | AL7: На месте
A8: MMC-1035 | B8: Запрос на обслуживание | C8: Не подключается ноутбук через HDMI. Аудитория: Гл-105 | D8: СООБЩЕНИЕ О ПРОБЛЕМЕ ------------------ Аудитория: Гл-105 Оборудование: Мультимедийный комплекс Преподаватель: Сидоров В.В. Кафедра: Кафедра высшей математики ПРОБЛЕМА: Не подключается ноутбук через HDMI ВРЕМЯ ВОЗНИКНОВЕНИЯ: 26.03.2024 09:46 ДОПОЛНИТЕЛЬНАЯ ИНФОРМАЦИЯ: Проблема возникает при каждом использовании СТАТУС: Требуется вмешательство специалиста | E8: Решена | F8: Medium | G8: Решено | H8: 45932.758 | I8: 45932.963 | J8: 45932.963 | K8: Компьютер | L8: MMC v1.1 | M8: MMC v3.4 | N8: Сидоров В.В. | P8: 3 | T8: 3h | U8: 328 | V8: Гл-105 | W8: A | X8: Не подключается ноутбук через HDMI | Y8: Кафедра высшей математики | Z8: Критичное | AA8: Портал самообслуживания | AB8: 4.9 | AC8: Проведена диагностика. Оборудование работает в штатном режиме. | AD8: urgent | AE8: Windows 7 / Intel CPU | AG8: 45932.758 | AH8: 45932.963 | AJ8: 1 | AK8: Низкая | AL8: Удаленно
A9: MMC-1002 | B9: Инцидент | C9: Другая проблема. Аудитория: Гл-112 | D9: СООБЩЕНИЕ О ПРОБЛЕМЕ ------------------ Аудитория: Гл-112 Оборудование: Мультимедийный комплекс Преподаватель: Волков А.А. Кафедра: Кафедра органической химии ПРОБЛЕМА: Другая проблема ВРЕМЯ ВОЗНИКНОВЕНИЯ: 21.03.2024 10:34 ДОПОЛНИТЕЛЬНАЯ ИНФОРМАЦИЯ: Иногда работает нормально, иногда нет СТАТУС: Требуется вмешательство специалиста | E9: В работе | F9: Medium | H9: 45933.363 | I9: 45934.946 | K9: Другое оборудование | L9: MMC v3.8 | N9: Волков А.А. | P9: 2 | V9: Гл-112 | W9: A | X9: Другая проблема | Y9: Кафедра органической химии | Z9: Критичное | AA9: Портал самообслуживания | AD9: multimedia | AE9: Windows 8 / AMD CPU | AG9: 45933.363 | AJ9: 3 | AK9: Низкая | AL9: На месте
A10: MMC-1072 | B10: Инцидент | C10: Аудитория Гл-207: Нет изображения на экране | D10: Преподаватель: Иванов А.А. Подразделение: Кафедра органической химии Аудитория: Гл-207 Дата возникновения проблемы: 13.03.2024 10:23 Описание проблемы: Нет изображения на экране Предпринятые действия: Проверил настройки ПО, проблема не решена Контактный телефон: +7 (971) 467-74-18 | E10: Решена | F10: Highest | G10: Решено | H10: 45933.536 | I10: 45935.182 | J10: 45935.182 | K10: Сетевое оборудование | L10: MMC v2.4 | M10: MMC v2.4 | N10: Иванов А.А. | O10: Сидоров Д.К. | P10: 0 | T10: 5h | U10: 311 | V10: Гл-207 | W10: B | X10: Нет изображения на экране | Y10: Кафедра органической химии | Z10: Высокое | AA10: Телефон | AB10: 39.5 | AC10: Требуется замена блока питания. Оборудование снято с эксплуатации. | AD10: training_needed | AE10: Windows 11 / AMD CPU | AG10: 45933.536 | AH10: 45935.182 | AJ10: 2 | AK10: Низкая | AL10: На месте
A11: MMC-1037 | B11: Запрос на обслуживание | C11: Неисправность оборудования в Гл-112: Не могу включить проектор | D11: Преподаватель: Федоров Б.Б. Подразделение: Кафедра общей физики Аудитория: Гл-112 Дата возникновения проблемы: 12.03.2024 15:51 Описание проблемы: Не могу включить проектор Предпринятые действия: Попытался использовать запасные кабели, проблема сохраняется Контактный телефон: +7 (913) 237-05-89 | E11: Решена | F11: Medium | G11: Решено | H11: 45933.69 | I11: 45934.561 | J11: 45934.561 | K11: Другое оборудование | L11: MMC v3.7 | M11: MMC v4.6 | N11: Федоров Б.Б. | O11: Петрова М.В. | P11: 1 | Q11: support_team | T11: 4h | U11: 338 | V11: Гл-112 | W11: A | X11: Не могу включить проектор | Y11: Кафедра общей физики | Z11: Среднее | AA11: Email | AB11: 20.9 | AC11: Требуется замена блока питания. Оборудование снято с эксплуатации. | AD11: software | AE11: Windows 11 / Intel CPU | AG11: 45933.69 | AH11: 45934.561 | AJ11: 0 | AK11: Низкая | AL11: Консультация
A12: MMC-1001 | B12: Инцидент | C12: Неисправность оборудования в Гл-111: Не запускается мультимедийное ПО | D12: СООБЩЕНИЕ О ПРОБЛЕМЕ ------------------ Аудитория: Гл-111 Оборудование: Мультимедийный комплекс Преподаватель: Федоров А.А. Кафедра: Кафедра истории России ПРОБЛЕМА: Не запускается мультимедийное ПО ВРЕМЯ ВОЗНИКНОВЕНИЯ: 07.03.2024 18:44 ДОПОЛНИТЕЛЬНАЯ ИНФОРМАЦИЯ: Иногда работает нормально, иногда нет СТАТУС: Требуется вмешательство специалиста | E12: Решена | F12: Low | G12: Решено | H12: 45934.366 | I12: 45934.997 | J12: 45934.997 | K12: Проектор | L12: MMC v1.6 | M12: MMC v3.4 | N12: Федоров А.А. | P12: 2 | T12: 1h | U12: 283 | V12: Гл-111 | W12: A | X12: Не запускается мультимедийное ПО | Y12: Кафедра истории России | Z12: Среднее | AA12: Портал самообслуживания | AB12: 15.1 | AC12: Проблема решена удаленно через систему управления. | AD12: hardware | AE12: Windows 7 / AMD CPU | AG12: 45934.366 | AH12: 45934.997 | AJ12: 2 | AK12: Высокая | AL12: Удаленно
A13: MMC-1088 | B13: Проблема | C13: Не могу включить проектор. Аудитория: Гл-202 | D13: Преподаватель: Федоров А.А. Подразделение: Кафедра органической химии Аудитория: Гл-202 Дата возникновения проблемы: 03.03.2024 09:03 Описание проблемы: Не могу включить проектор Предпринятые действия: Попытался использовать запасные кабели, проблема сохраняется Контактный телефон: +7 (938) 612-07-50 | E13: Решена | F13: Low | G13: Решено | H13: 45934.451 | I13: 45934.52 | J13: 45934.52 | K13: Сетевое оборудование | L13: MMC v2.7 | M13: MMC v4.6 | N13: Федоров А.А. | P13: 3 | Q13: multimedia_dept | T13: 1h | U13: 428 | V13: Гл-202 | W13: B | X13: Не могу включить проектор | Y13: Кафедра органической химии | Z13: Критичное | AA13: Телефон | AB13: 1.7 | AC13: Требуется настройка проектора. Выполнена калибровка. | AD13: urgent | AE13: Windows 11 / Intel CPU | AG13: 45934.451 | AH13: 45934.52 | AI13: 45939 | AJ13: 0 | AK13: Средняя | AL13: На месте
A14: MMC-1062 | B14: Запрос на обслуживание | C14: Проблема: Проблема с переключением режимов (аудитория Гл-207) | D14: СООБЩЕНИЕ О ПРОБЛЕМЕ ------------------ Аудитория: Гл-207 Оборудование: Мультимедийный комплекс Преподаватель: Иванов А.А. Кафедра: Кафедра иностранных языков ПРОБЛЕМА: Проблема с переключением режимов ВРЕМЯ ВОЗНИКНОВЕНИЯ: 03.03.2024 08:16 ДОПОЛНИТЕЛЬНАЯ ИНФОРМАЦИЯ: Проблема возникает при каждом использовании СТАТУС: Требуется вмешательство специалиста | E14: Решена | F14: Medium | G14: Решено | H14: 45934.48 | I14: 45934.711 | J14: 45934.711 | K14: Другое оборудование | L14: MMC v3.8 | M14: MMC v4.6 | N14: Иванов А.А. | O14: Петрова М.В. | P14: 1 | Q14: support_team | T14: 1h | U14: 361 | V14: Гл-207 | W14: B | X14: Проблема с переключением режимов | Y14: Кафедра иностранных языков | Z14: Высокое | AA14: Email | AB14: 5.5 | AC14: Проведена диагностика. Оборудование работает в штатном режиме. | AD14: hardware | AE14: Windows 7 / AMD CPU | AG14: 45934.48 | AH14: 45934.711 | AI14: 45941 | AJ14: 1 | AK14: Низкая | AL14: Удаленно
A15: MMC-1083 | B15: Инцидент | C15: Не подключается ноутбук через HDMI в аудитории Гл-206 | D15: ЗАЯВКА В ТЕХПОДДЕРЖКУ 1. Общие сведения: - Аудитория: Гл-206 - Преподаватель: Смирнов В.В. - Подразделение: Кафедра истории России - Дата/время: 27.03.2024 11:54 2. Суть проблемы: Не подключается ноутбук через HDMI 3. Симптомы: Посторонние шумы в акустике 4. Влияние на учебный процесс: Перенесено в другую аудиторию Контакт для обратной связи: Смирнов В.В. | E15: Решена | F15: Medium | G15: Решено | H15: 45934.658 | I15: 45934.967 | J15: 45934.967 | K15: Проектор | L15: MMC v1.3 | M15: MMC v1.5 | N15: Смирнов В.В. | P15: 2 | Q15: multimedia_dept | T15: 6h | U15: 154 | V15: Гл-206 | W15: B | X15: Не подключается ноутбук через HDMI | Y15: Кафедра истории России | Z15: Критичное | AA15: Email | AB15: 7.4 | AD15: software | AE15: Windows 10 / Intel CPU | AG15: 45934.658 | AH15: 45934.967 | AJ15: 0 | AK15: Средняя | AL15: Удаленно
A16: MMC-1068 | B16: Инцидент | C16: Сложность с настройкой источников. Аудитория: Гл-207 | D16: ЗАЯВКА В ТЕХПОДДЕРЖКУ 1. Общие сведения: - Аудитория: Гл-207 - Преподаватель: Морозов Б.Б. - Подразделение: Кафедра истории России - Дата/время: 09.03.2024 10:01 2. Суть проблемы: Сложность с настройкой источников 3. Симптомы: Оборудование не реагирует на команды 4. Влияние на учебный процесс: Перенесено в другую аудиторию Контакт для обратной связи: Морозов Б.Б. | E16: Решена | F16: High | G16: Решено | H16: 45935.592 | I16: 45937.019 | J16: 45937.019 | K16: Сетевое оборудование | L16: MMC v3.5 | M16: MMC v2.2 | N16: Морозов Б.Б. | P16: 1 | Q16: support_team | T16: 6h | U16: 128 | V16: Гл-207 | W16: B | X16: Сложность с настройкой источников | Y16: Кафедра истории России | Z16: Высокое | AA16: Личное обращение | AB16: 34.2 | AD16: equipment | AE16: Windows 8 / Intel CPU | AG16: 45935.592 | AH16: 45937.019 | AI16: 45941 | AJ16: 2 | AK16: Высокая | AL16: Удаленно
A17: MMC-1082 | B17: Инцидент | C17: Неисправность оборудования в Гл-215: Не могу включить проектор | D17: ЗАЯВКА В ТЕХПОДДЕРЖКУ 1. Общие сведения: - Аудитория: Гл-215 - Преподаватель: Сидоров В.В. - Подразделение: Кафедра иностранных языков - Дата/время: 22.03.2024 11:30 2. Суть проблемы: Не могу включить проектор 3. Симптомы: Изображение/звук появляются и пропадают 4. Влияние на учебный процесс: Занятие отменено Контакт для обратной связи: Сидоров В.В. | E17: Решена | F17: Highest | G17: Решено | H17: 45935.665 | I17: 45936.81 | J17: 45936.81 | K17: Акустика | L17: MMC v3.7 | M17: MMC v4.2 | N17: Сидоров В.В. | P17: 3 | Q17: support_team | T17: 3h | U17: 125 | V17: Гл-215 | W17: B | X17: Не могу включить проектор | Y17: Кафедра иностранных языков | Z17: Высокое | AA17: Личное обращение | AB17: 27.5 | AD17: equipment | AE17: Windows 7 / AMD CPU | AG17: 45935.665 | AH17: 45936.81 | AJ17: 0 | AK17: Средняя | AL17: На месте
A18: MMC-1093 | B18: Инцидент | C18: Проблема: Не могу включить проектор (аудитория Гл-201) | D18: СООБЩЕНИЕ О ПРОБЛЕМЕ ------------------ Аудитория: Гл-201 Оборудование: Мультимедийный комплекс Преподаватель: Попов А.А. Кафедра: Кафедра общей физики ПРОБЛЕМА: Не могу включить проектор ВРЕМЯ ВОЗНИКНОВЕНИЯ: 15.03.2024 17:30 ДОПОЛНИТЕЛЬНАЯ ИНФОРМАЦИЯ: Иногда работает нормально, иногда нет СТАТУС: Требуется вмешательство специалиста | E18: В работе | F18: Medium | H18: 45935.734 | I18: 45938.484 | K18: ПО | L18: MMC v1.9 | N18: Попов А.А. | O18: Васильев И.Н. | P18: 1 | Q18: multimedia_dept | V18: Гл-201 | W18: B | X18: Не могу включить проектор | Y18: Кафедра общей физики | Z18: Низкое | AA18: Телефон | AD18: training_needed | AE18: Windows 8 / Intel CPU | AG18: 45935.734 | AJ18: 3 | AK18: Низкая | AL18: Консультация
A19: MMC-1060 | B19: Инцидент | C19: Не подключается ноутбук через HDMI. Аудитория: Гл-110 | D19: Преподаватель: Иванов Б.Б. Подразделение: Кафедра информатики и вычислительной техники Аудитория: Гл-110 Дата возникновения проблемы: 06.03.2024 12:05 Описание проблемы: Не подключается ноутбук через HDMI Предпринятые действия: Переключил источники сигнала, безрезультатно Контактный телефон: +7 (912) 770-63-24 | E19: Решена | F19: Medium | G19: Решено | H19: 45935.746 | I19: 45936.702 | J19: 45936.702 | K19: Другое оборудование | L19: MMC v1.0 | M19: MMC v4.4 | N19: Иванов Б.Б. | O19: Кузнецова Е.П. | P19: 3 | Q19: multimedia_dept | T19: 1h | U19: 100 | V19: Гл-110 | W19: A | X19: Не подключается ноутбук через HDMI | Y19: Кафедра информатики и вычислительной техники | Z19: Высокое | AA19: Личное обращение | AB19: 22.9 | AD19: hardware | AE19: Windows 8 / AMD CPU | AG19: 45935.746 | AH19: 45936.702 | AI19: 45942 | AJ19: 0 | AK19: Средняя | AL19: Консультация
A20: MMC-1100 | B20: Запрос на обслуживание | C20: Аудитория Гл-212: Сложность с настройкой источников | D20: СООБЩЕНИЕ О ПРОБЛЕМЕ ------------------ Аудитория: Гл-212 Оборудование: Мультимедийный комплекс Преподаватель: Васильев В.В. Кафедра: Кафедра иностранных языков ПРОБЛЕМА: Сложность с настройкой источников ВРЕМЯ ВОЗНИКНОВЕНИЯ: 07.03.2024 17:36 ДОПОЛНИТЕЛЬНАЯ ИНФОРМАЦИЯ: Проблема появилась после обновления ПО СТАТУС: Требуется вмешательство специалиста | E20: Закрыта | F20: Medium | G20: Решено | H20: 45936.342 | I20: 45937.671 | J20: 45937.671 | K20: Сетевое оборудование | L20: MMC v3.7 | M20: MMC v1.6 | N20: Васильев В.В. | O20: Федорова Т.С. | P20: 1 | T20: 3h | U20: 315 | V20: Гл-212 | W20: B | X20: Сложность с настройкой источников | Y20: Кафедра иностранных языков | Z20: Низкое | AA20: Телефон | AB20: 31.9 | AD20: urgent | AE20: Windows 8 / AMD CPU | AG20: 45936.342 | AH20: 45937.671 | AJ20: 2 | AK20: Высокая | AL20: Консультация
A21: MMC-1032 | B21: Инцидент | C21: Другая проблема. Аудитория: Гл-103 | D21: СООБЩЕНИЕ О ПРОБЛЕМЕ ------------------ Аудитория: Гл-103 Оборудование: Мультимедийный комплекс Преподаватель: Федоров В.В. Кафедра: Кафедра философии и социологии ПРОБЛЕМА: Другая проблема ВРЕМЯ ВОЗНИКНОВЕНИЯ: 26.03.2024 15:57 ДОПОЛНИТЕЛЬНАЯ ИНФОРМАЦИЯ: Проблема появилась после обновления ПО СТАТУС: Требуется вмешательство специалиста | E21: Решена | F21: Medium | G21: Решено | H21: 45936.453 | I21: 45938.156 | J21: 45938.156 | K21: Сетевое оборудование | L21: MMC v3.8 | M21: MMC v4.2 | N21: Федоров В.В. | O21: Сидоров Д.К. | P21: 2 | T21: 3h | U21: 383 | V21: Гл-103 | W21: A | X21: Другая проблема | Y21: Кафедра философии и социологии | Z21: Критичное | AA21: Телефон | AB21: 40.9 | AD21: equipment | AE21: Windows 9 / AMD CPU | AF21: MMC-0918 | AG21: 45936.453 | AH21: 45938.156 | AI21: 45937 | AJ21: 1 | AK21: Средняя | AL21: На месте
A22: MMC-1094 | B22: Инцидент | C22: Сложность с настройкой источников. Аудитория: Гл-202 | D22: ЗАЯВКА В ТЕХПОДДЕРЖКУ 1. Общие сведения: - Аудитория: Гл-202 - Преподаватель: Смирнов Б.Б. - Подразделение: Кафедра высшей математики - Дата/время: 23.03.2024 16:27 2. Суть проблемы: Сложность с настройкой источников 3. Симптомы: Посторонние шумы в акустике 4. Влияние на учебный процесс: Перенесено в другую аудиторию Контакт для обратной связи: Смирнов Б.Б. | E22: Решена | F22: Medium | G22: Решено | H22: 45936.665 | I22: 45936.828 | J22: 45936.828 | K22: Другое оборудование | L22: MMC v3.9 | M22: MMC v1.6 | N22: Смирнов Б.Б. | P22: 3 | R22: 1h | T22: 3h | U22: 406 | V22: Гл-202 | W22: B | X22: Сложность с настройкой источников | Y22: Кафедра высшей математики | Z22: Низкое | AA22: Портал самообслуживания | AB22: 3.9 | AD22: software | AE22: Windows 7 / Intel CPU | AG22: 45936.665 | AH22: 45936.828 | AJ22: 1 | AK22: Высокая | AL22: На месте
A23: MMC-1047 | B23: Инцидент | C23: Проблема: Не запускается мультимедийное ПО (аудитория Гл-105) | D23: Преподаватель: Волков Б.Б. Подразделение: Кафедра информатики и вычислительной техники Аудитория: Гл-105 Дата возникновения проблемы: 15.03.2024 11:34 Описание проблемы: Не запускается мультимедийное ПО Предпринятые действия: Попытался использовать запасные кабели, проблема сохраняется Контактный телефон: +7 (919) 079-03-06 | E23: Закрыта | F23: Medium | G23: Решено | H23: 45937.376 | I23: 45938.528 | J23: 45938.528 | K23: Другое оборудование | L23: MMC v3.5 | M23: MMC v3.3 | N23: Волков Б.Б. | P23: 1 | Q23: multimedia_dept | T23: 4h | U23: 253 | V23: Гл-105 | W23: A | X23: Не запускается мультимедийное ПО | Y23: Кафедра информатики и вычислительной техники | Z23: Среднее | AA23: Телефон | AB23: 27.6 | AC23: Настроены параметры отображения. Проблема устранена. | AD23: software | AE23: Windows 8 / AMD CPU | AG23: 45937.376 | AH23: 45938.528 | AJ23: 2 | AK23: Высокая | AL23: Консультация
A24: MMC-1009 | B24: Запрос на обслуживание | C24: Аудитория Гл-104: Не могу включить проектор | D24: Преподаватель: Сидоров А.А. Подразделение: Кафедра экономики и менеджмента Аудитория: Гл-104 Дата возникновения проблемы: 06.03.2024 17:16 Описание проблемы: Не могу включить проектор Предпринятые действия: Проверил подключение питания, перезагрузил оборудование Контактный телефон: +7 (945) 868-50-14 | E24: Решена | F24: Medium | G24: Решено | H24: 45937.64 | I24: 45938.275 | J24: 45938.275 | K24: Компьютер | L24: MMC v2.9 | M24: MMC v1.6 | N24: Сидоров А.А. | O24: Кузнецова Е.П. | P24: 2 | R24: 1h | T24: 5h | U24: 375 | V24: Гл-104 | W24: A | X24: Не могу включить проектор | Y24: Кафедра экономики и менеджмента | Z24: Высокое | AA24: Портал самообслуживания | AB24: 15.2 | AD24: software | AE24: Windows 9 / AMD CPU | AG24: 45937.64 | AH24: 45938.275 | AJ24: 2 | AK24: Высокая | AL24: На месте
A25: MMC-1080 | B25: Запрос на обслуживание | C25: Неисправность оборудования в Гл-203: Сложность с настройкой источников | D25: ЗАЯВКА В ТЕХПОДДЕРЖКУ 1. Общие сведения: - Аудитория: Гл-203 - Преподаватель: Федоров А.А. - Подразделение: Кафедра истории России - Дата/время: 16.03.2024 11:38 2. Суть проблемы: Сложность с настройкой источников 3. Симптомы: Изображение/звук появляются и пропадают 4. Влияние на учебный процесс: Перенесено в другую аудиторию Контакт для обратной связи: Федоров А.А. | E25: Открыта | F25: Medium | H25: 45937.778 | I25: 45940.028 | K25: Компьютер | L25: MMC v1.0 | N25: Федоров А.А. | O25: Кузнецова Е.П. | P25: 3 | Q25: support_team | V25: Гл-203 | W25: B | X25: Сложность с настройкой источников | Y25: Кафедра истории России | Z25: Критичное | AA25: Телефон | AC25: Настроены параметры отображения. Проблема устранена. | AD25: software | AE25: Windows 10 / Intel CPU | AF25: MMC-0999 | AG25: 45937.778 | AJ25: 0 | AK25: Средняя | AL25: Консультация
A26: MMC-1016 | B26: Проблема | C26: Аудитория Гл-105: Не могу включить проектор | D26: ЗАЯВКА В ТЕХПОДДЕРЖКУ 1. Общие сведения: - Аудитория: Гл-105 - Преподаватель: Иванов Б.Б. - Подразделение: Кафедра информатики и вычислительной техники - Дата/время: 11.03.2024 10:03 2. Суть проблемы: Не могу включить проектор 3. Симптомы: Оборудование не реагирует на команды 4. Влияние на учебный процесс: Занятие отменено Контакт для обратной связи: Иванов Б.Б. | E26: Решена | F26: Medium | G26: Решено | H26: 45938.549 | I26: 45940.49 | J26: 45940.49 | K26: Проектор | L26: MMC v3.0 | M26: MMC v2.2 | N26: Иванов Б.Б. | O26: Васильев И.Н. | P26: 0 | T26: 4h | U26: 410 | V26: Гл-105 | W26: A | X26: Не могу включить проектор | Y26: Кафедра информатики и вычислительной техники | Z26: Высокое | AA26: Личное обращение | AB26: 46.6 | AD26: training_needed | AE26: Windows 9 / AMD CPU | AG26: 45938.549 | AH26: 45940.49 | AI26: 45943 | AJ26: 0 | AK26: Низкая | AL26: Консультация
A27: MMC-1026 | B27: Запрос на обслуживание | C27: Аудитория Гл-115: Не запускается мультимедийное ПО | D27: СООБЩЕНИЕ О ПРОБЛЕМЕ ------------------ Аудитория: Гл-115 Оборудование: Мультимедийный комплекс Преподаватель: Кузнецов Б.Б. Кафедра: Кафедра экономики и менеджмента ПРОБЛЕМА: Не запускается мультимедийное ПО ВРЕМЯ ВОЗНИКНОВЕНИЯ: 26.03.2024 10:35 ДОПОЛНИТЕЛЬНАЯ ИНФОРМАЦИЯ: Проблема появилась после обновления ПО СТАТУС: Требуется вмешательство специалиста | E27: Закрыта | F27: Medium | G27: Решено | H27: 45938.598 | I27: 45939.699 | J27: 45939.699 | K27: Другое оборудование | L27: MMC v2.0 | M27: MMC v3.9 | N27: Кузнецов Б.Б. | P27: 0 | Q27: multimedia_dept | T27: 2h | U27: 436 | V27: Гл-115 | W27: A | X27: Не запускается мультимедийное ПО | Y27: Кафедра экономики и менеджмента | Z27: Низкое | AA27: Email | AB27: 26.4 | AC27: Временное решение применено. Заказана запасная часть. | AD27: hardware | AE27: Windows 9 / Intel CPU | AG27: 45938.598 | AH27: 45939.699 | AJ27: 3 | AK27: Высокая | AL27: Консультация
A28: MMC-1003 | B28: Инцидент | C28: Проблема: Требуется инструкция по использованию (аудитория Гл-103) | D28: ЗАЯВКА В ТЕХПОДДЕРЖКУ 1. Общие сведения: - Аудитория: Гл-103 - Преподаватель: Васильев А.А. - Подразделение: Кафедра иностранных языков - Дата/время: 13.03.2024 14:38 2. Суть проблемы: Требуется инструкция по использованию 3. Симптомы: Оборудование не реагирует на команды 4. Влияние на учебный процесс: Занятие отменено Контакт для обратной связи: Васильев А.А. | E28: Решена | F28: Medium | G28: Решено | H28: 45938.69 | I28: 45940.292 | J28: 45940.292 | K28: ПО | L28: MMC v2.5 | M28: MMC v1.4 | N28: Васильев А.А. | O28: Федорова Т.С. | P28: 0 | Q28: multimedia_dept | R28: 3h | T28: 5h | U28: 490 | V28: Гл-103 | W28: A | X28: Требуется инструкция по использованию | Y28: Кафедра иностранных языков | Z28: Высокое | AA28: Телефон | AB28: 38.5 | AC28: Выявлена аппаратная неисправность. Запланирован ремонт. | AD28: software | AE28: Windows 11 / Intel CPU | AG28: 45938.69 | AH28: 45940.292 | AI28: 45943 | AJ28: 0 | AK28: Высокая | AL28: На месте
A29: MMC-1049 | B29: Запрос на обслуживание | C29: Нет звука в аудиосистеме. Аудитория: Гл-115 | D29: ЗАЯВКА В ТЕХПОДДЕРЖКУ 1. Общие сведения: - Аудитория: Гл-115 - Преподаватель: Морозов А.А. - Подразделение: Кафедра инженерной графики - Дата/время: 25.03.2024 13:58 2. Суть проблемы: Нет звука в аудиосистеме 3. Симптомы: Система зависает при определенных действиях 4. Влияние на учебный процесс: Проведено с ограничениями Контакт для обратной связи: Морозов А.А. | E29: В работе | F29: Highest | H29: 45938.74 | I29: 45940.031 | K29: Акустика | L29: MMC v3.2 | N29: Морозов А.А. | P29: 3 | Q29: support_team | V29: Гл-115 | W29: A | X29: Нет звука в аудиосистеме | Y29: Кафедра инженерной графики | Z29: Среднее | AA29: Email | AD29: equipment | AE29: Windows 10 / AMD CPU | AG29: 45938.74 | AI29: 45944 | AJ29: 3 | AK29: Средняя | AL29: Удаленно
A30: MMC-1024 | B30: Инцидент | C30: Аудитория Гл-107: Другая проблема | D30: ЗАЯВКА В ТЕХПОДДЕРЖКУ 1. Общие сведения: - Аудитория: Гл-107 - Преподаватель: Волков А.А. - Подразделение: Кафедра иностранных языков - Дата/время: 21.03.2024 18:38 2. Суть проблемы: Другая проблема 3. Симптомы: Система зависает при определенных действиях 4. Влияние на учебный процесс: Занятие проведено без мультимедийного оборудования Контакт для обратной связи: Волков А.А. | E30: Решена | F30: Low | G30: Решено | H30: 45939.364 | I30: 45940.592 | J30: 45940.592 | K30: ПО | L30: MMC v1.1 | M30: MMC v2.9 | N30: Волков А.А. | P30: 1 | Q30: support_team | R30: 1h | T30: 3h | U30: 174 | V30: Гл-107 | W30: A | X30: Другая проблема | Y30: Кафедра иностранных языков | Z30: Высокое | AA30: Портал самообслуживания | AB30: 29.5 | AC30: Требуется настройка проектора. Выполнена калибровка. | AD30: software | AE30: Windows 7 / Intel CPU | AG30: 45939.364 | AH30: 45940.592 | AI30: 45941 | AJ30: 2 | AK30: Низкая | AL30: Удаленно
A31: MMC-1017 | B31: Запрос на обслуживание | C31: Нет звука в аудиосистеме. Аудитория: Гл-104 | D31: ЗАЯВКА В ТЕХПОДДЕРЖКУ 1. Общие сведения: - Аудитория: Гл-104 - Преподаватель: Петров В.В. - Подразделение: Кафедра информатики и вычислительной техники - Дата/время: 22.03.2024 11:59 2. Суть проблемы: Нет звука в аудиосистеме 3. Симптомы: Посторонние шумы в акустике 4. Влияние на учебный процесс: Занятие отменено Контакт для обратной связи: Петров В.В. | E31: В работе | F31: Medium | H31: 45939.753 | I31: 45940.712 | K31: Другое оборудование | L31: MMC v1.4 | N31: Петров В.В. | O31: Петрова М.В. | P31: 0 | R31: 3h | V31: Гл-104 | W31: A | X31: Нет звука в аудиосистеме | Y31: Кафедра информатики и вычислительной техники | Z31: Низкое | AA31: Телефон | AD31: urgent | AE31: Windows 10 / AMD CPU | AG31: 45939.753 | AJ31: 0 | AK31: Высокая | AL31: Удаленно
A32: MMC-1005 | B32: Проблема | C32: Не запускается мультимедийное ПО. Аудитория: Гл-104 | D32: Преподаватель: Волков Б.Б. Подразделение: Кафедра безопасности информационных систем Аудитория: Гл-104 Дата возникновения проблемы: 15.03.2024 08:43 Описание проблемы: Не запускается мультимедийное ПО Предпринятые действия: Проверил подключение питания, перезагрузил оборудование Контактный телефон: +7 (976) 311-65-66 | E32: В работе | F32: Low | H32: 45939.772 | I32: 45940.48 | K32: Проектор | L32: MMC v1.3 | N32: Волков Б.Б. | P32: 3 | V32: Гл-104 | W32: A | X32: Не запускается мультимедийное ПО | Y32: Кафедра безопасности информационных систем | Z32: Среднее | AA32: Личное обращение | AD32: multimedia | AE32: Windows 10 / Intel CPU | AG32: 45939.772 | AI32: 45946 | AJ32: 0 | AK32: Низкая | AL32: Удаленно
A33: MMC-1038 | B33: Инцидент | C33: Аудитория Гл-103: Нет изображения на экране | D33: Преподаватель: Смирнов Б.Б. Подразделение: Кафедра инженерной графики Аудитория: Гл-103 Дата возникновения проблемы: 19.03.2024 17:09 Описание проблемы: Нет изображения на экране Предпринятые действия: Попытался использовать запасные кабели, проблема сохраняется Контактный телефон: +7 (984) 249-81-82 | E33: Решена | F33: High | G33: Решено | H33: 45940.424 | I33: 45942.35 | J33: 45942.35 | K33: Другое оборудование | L33: MMC v3.4 | M33: MMC v2.9 | N33: Смирнов Б.Б. | O33: Иванов А.С. | P33: 3 | Q33: multimedia_dept | T33: 6h | U33: 254 | V33: Гл-103 | W33: A | X33: Нет изображения на экране | Y33: Кафедра инженерной графики | Z33: Низкое | AA33: Email | AB33: 46.2 | AC33: Проведена диагностика. Оборудование работает в штатном режиме. | AD33: urgent | AE33: Windows 10 / Intel CPU | AG33: 45940.424 | AH33: 45942.35 | AJ33: 3 | AK33: Средняя | AL33: На месте
A34: MMC-1078 | B34: Проблема | C34: Другая проблема. Аудитория: Гл-209 | D34: Преподаватель: Кузнецов Б.Б. Подразделение: Кафедра экономики и менеджмента Аудитория: Гл-209 Дата возникновения проблемы: 15.03.2024 12:13 Описание проблемы: Другая проблема Предпринятые действия: Попытался использовать запасные кабели, проблема сохраняется Контактный телефон: +7 (952) 175-25-00 | E34: Закрыта | F34: High | G34: Решено | H34: 45940.585 | I34: 45941.008 | J34: 45941.008 | K34: Сетевое оборудование | L34: MMC v3.6 | M34: MMC v4.6 | N34: Кузнецов Б.Б. | O34: Попов Р.М. | P34: 0 | T34: 6h | U34: 291 | V34: Гл-209 | W34: B | X34: Другая проблема | Y34: Кафедра экономики и менеджмента | Z34: Критичное | AA34: Портал самообслуживания | AB34: 10.1 | AC34: Требуется замена блока питания. Оборудование снято с эксплуатации. | AD34: equipment | AE34: Windows 7 / Intel CPU | AG34: 45940.585 | AH34: 45941.008 | AJ34: 2 | AK34: Средняя | AL34: Удаленно
A35: MMC-1030 | B35: Проблема | C35: Неисправность оборудования в Гл-102: Требуется инструкция по использованию | D35: ЗАЯВКА В ТЕХПОДДЕРЖКУ 1. Общие сведения: - Аудитория: Гл-102 - Преподаватель: Иванов В.В. - Подразделение: Кафедра высшей математики - Дата/время: 20.03.2024 15:32 2. Суть проблемы: Требуется инструкция по использованию 3. Симптомы: Посторонние шумы в акустике 4. Влияние на учебный процесс: Занятие отменено Контакт для обратной связи: Иванов В.В. | E35: Открыта | F35: Low | H35: 45940.644 | I35: 45942.644 | K35: Компьютер | L35: MMC v3.1 | N35: Иванов В.В. | O35: Сидоров Д.К. | P35: 0 | R35: 4h | V35: Гл-102 | W35: A | X35: Требуется инструкция по использованию | Y35: Кафедра высшей математики | Z35: Высокое | AA35: Портал самообслуживания | AD35: urgent | AE35: Windows 10 / AMD CPU | AG35: 45940.644 | AI35: 45941 | AJ35: 2 | AK35: Низкая | AL35: На месте
A36: MMC-1059 | B36: Запрос на обслуживание | C36: Не подключается ноутбук через HDMI в аудитории Гл-103 | D36: СООБЩЕНИЕ О ПРОБЛЕМЕ ------------------ Аудитория: Гл-103 Оборудование: Мультимедийный комплекс Преподаватель: Петров А.А. Кафедра: Кафедра общей физики ПРОБЛЕМА: Не подключается ноутбук через HDMI ВРЕМЯ ВОЗНИКНОВЕНИЯ: 19.03.2024 18:17 ДОПОЛНИТЕЛЬНАЯ ИНФОРМАЦИЯ: Ранее подобных проблем не наблюдалось СТАТУС: Требуется вмешательство специалиста | E36: Решена | F36: Medium | G36: Решено | H36: 45941.512 | I36: 45942.927 | J36: 45942.927 | K36: Проектор | L36: MMC v2.8 | M36: MMC v3.5 | N36: Петров А.А. | O36: Федорова Т.С. | P36: 2 | Q36: multimedia_dept | T36: 6h | U36: 147 | V36: Гл-103 | W36: A | X36: Не подключается ноутбук через HDMI | Y36: Кафедра общей физики | Z36: Низкое | AA36: Портал самообслуживания | AB36: 34.0 | AC36: Требуется замена блока питания. Оборудование снято с эксплуатации. | AD36: training_needed | AE36: Windows 8 / AMD CPU | AF36: MMC-0963 | AG36: 45941.512 | AH36: 45942.927 | AJ36: 2 | AK36: Средняя | AL36: Консультация
A37: MMC-1039 | B37: Запрос на обслуживание | C37: Проблема: Не запускается мультимедийное ПО (аудитория Гл-104) | D37: СООБЩЕНИЕ О ПРОБЛЕМЕ ------------------ Аудитория: Гл-104 Оборудование: Мультимедийный комплекс Преподаватель: Волков А.А. Кафедра: Кафедра иностранных языков ПРОБЛЕМА: Не запускается мультимедийное ПО ВРЕМЯ ВОЗНИКНОВЕНИЯ: 08.03.2024 10:06 ДОПОЛНИТЕЛЬНАЯ ИНФОРМАЦИЯ: Проблема появилась после обновления ПО СТАТУС: Требуется вмешательство специалиста | E37: Решена | F37: Medium | G37: Решено | H37: 45941.715 | I37: 45943.645 | J37: 45943.645 | K37: Акустика | L37: MMC v2.9 | M37: MMC v3.3 | N37: Волков А.А. | O37: Федорова Т.С. | P37: 3 | Q37: support_team | R37: 4h | T37: 1h | U37: 146 | V37: Гл-104 | W37: A | X37: Не запускается мультимедийное ПО | Y37: Кафедра иностранных языков | Z37: Низкое | AA37: Личное обращение | AB37: 46.3 | AC37: Оборудование исправно. Проведен инструктаж пользователя. | AD37: hardware | AE37: Windows 9 / Intel CPU | AG37: 45941.715 | AH37: 45943.645 | AJ37: 3 | AK37: Средняя | AL37: Консультация
A38: MMC-1042 | B38: Проблема | C38: Аудитория Гл-109: Нет звука в аудиосистеме | D38: ЗАЯВКА В ТЕХПОДДЕРЖКУ 1. Общие сведения: - Аудитория: Гл-109 - Преподаватель: Смирнов В.В. - Подразделение: Кафедра иностранных языков - Дата/время: 10.03.2024 12:45 2. Суть проблемы: Нет звука в аудиосистеме 3. Симптомы: Система зависает при определенных действиях 4. Влияние на учебный процесс: Проведено с ограничениями Контакт для обратной связи: Смирнов В.В. | E38: Решена | F38: Medium | G38: Решено | H38: 45941.771 | I38: 45942.653 | J38: 45942.653 | K38: Другое оборудование | L38: MMC v2.4 | M38: MMC v1.9 | N38: Смирнов В.В. | O38: Попов Р.М. | P38: 3 | Q38: support_team | R38: 2h | T38: 3h | U38: 121 | V38: Гл-109 | W38: A | X38: Нет звука в аудиосистеме | Y38: Кафедра иностранных языков | Z38: Среднее | AA38: Телефон | AB38: 21.2 | AD38: training_needed | AE38: Windows 9 / AMD CPU | AG38: 45941.771 | AH38: 45942.653 | AI38: 45944 | AJ38: 2 | AK38: Низкая | AL38: Удаленно
A39: MMC-1095 | B39: Проблема | C39: Аудитория Гл-207: Нет звука в аудиосистеме | D39: ЗАЯВКА В ТЕХПОДДЕРЖКУ 1. Общие сведения: - Аудитория: Гл-207 - Преподаватель: Смирнов В.В. - Подразделение: Кафедра экономики и менеджмента - Дата/время: 18.03.2024 16:30 2. Суть проблемы: Нет звука в аудиосистеме 3. Симптомы: Система зависает при определенных действиях 4. Влияние на учебный процесс: Проведено с ограничениями Контакт для обратной связи: Смирнов В.В. | E39: Решена | F39: Medium | G39: Решено | H39: 45942.381 | I39: 45943.976 | J39: 45943.976 | K39: Другое оборудование | L39: MMC v1.3 | M39: MMC v4.2 | N39: Смирнов В.В. | P39: 3 | Q39: support_team | R39: 1h | T39: 2h | U39: 299 | V39: Гл-207 | W39: B | X39: Нет звука в аудиосистеме | Y39: Кафедра экономики и менеджмента | Z39: Критичное | AA39: Телефон | AB39: 38.3 | AC39: Проблема решена удаленно через систему управления. | AD39: hardware | AE39: Windows 10 / Intel CPU | AG39: 45942.381 | AH39: 45943.976 | AJ39: 0 | AK39: Высокая | AL39: Удаленно
A40: MMC-1087 | B40: Проблема | C40: Проблема: Другая проблема (аудитория Гл-209) | D40: СООБЩЕНИЕ О ПРОБЛЕМЕ ------------------ Аудитория: Гл-209 Оборудование: Мультимедийный комплекс Преподаватель: Смирнов Б.Б. Кафедра: Кафедра высшей математики ПРОБЛЕМА: Другая проблема ВРЕМЯ ВОЗНИКНОВЕНИЯ: 12.03.2024 12:13 ДОПОЛНИТЕЛЬНАЯ ИНФОРМАЦИЯ: Проблема возникает при каждом использовании СТАТУС: Требуется вмешательство специалиста | E40: Решена | F40: Medium | G40: Решено | H40: 45942.41 | I40: 45943.836 | J40: 45943.836 | K40: Другое оборудование | L40: MMC v3.9 | M40: MMC v2.0 | N40: Смирнов Б.Б. | O40: Смирнова О.Л. | P40: 3 | T40: 5h | U40: 470 | V40: Гл-209 | W40: B | X40: Другая проблема | Y40: Кафедра высшей математики | Z40: Среднее | AA40: Телефон | AB40: 34.2 | AC40: Временное решение применено. Заказана запасная часть. | AD40: hardware | AE40: Windows 11 / AMD CPU | AG40: 45942.41 | AH40: 45943.836 | AJ40: 1 | AK40: Средняя | AL40: Консультация
A41: MMC-1051 | B41: Проблема | C41: Нет изображения на экране в аудитории Гл-102 | D41: Преподаватель: Морозов В.В. Подразделение: Кафедра высшей математики Аудитория: Гл-102 Дата возникновения проблемы: 16.03.2024 14:41 Описание проблемы: Нет изображения на экране Предпринятые действия: Переключил источники сигнала, безрезультатно Контактный телефон: +7 (966) 687-00-21 | E41: Решена | F41: Medium | G41: Решено | H41: 45942.603 | I41: 45944.488 | J41: 45944.488 | K41: Другое оборудование | L41: MMC v3.7 | M41: MMC v3.0 | N41: Морозов В.В. | O41: Васильев И.Н. | P41: 0 | R41: 3h | T41: 1h | U41: 206 | V41: Гл-102 | W41: A | X41: Нет изображения на экране | Y41: Кафедра высшей математики | Z41: Высокое | AA41: Личное обращение | AB41: 45.2 | AC41: Выявлена аппаратная неисправность. Запланирован ремонт. | AD41: equipment | AE41: Windows 11 / Intel CPU | AG41: 45942.603 | AH41: 45944.488 | AI41: 45948 | AJ41: 2 | AK41: Средняя | AL41: Консультация
A42: MMC-1019 | B42: Инцидент | C42: Аудитория Гл-109: Не могу включить проектор | D42: СООБЩЕНИЕ О ПРОБЛЕМЕ ------------------ Аудитория: Гл-109 Оборудование: Мультимедийный комплекс Преподаватель: Сидоров В.В. Кафедра: Кафедра истории России ПРОБЛЕМА: Не могу включить проектор ВРЕМЯ ВОЗНИКНОВЕНИЯ: 18.03.2024 14:05 ДОПОЛНИТЕЛЬНАЯ ИНФОРМАЦИЯ: Проблема возникает при каждом использовании СТАТУС: Требуется вмешательство специалиста | E42: Решена | F42: Medium | G42: Решено | H42: 45942.742 | I42: 45943.983 | J42: 45943.983 | K42: Акустика | L42: MMC v2.4 | M42: MMC v3.6 | N42: Сидоров В.В. | O42: Федорова Т.С. | P42: 1 | Q42: support_team | T42: 4h | U42: 197 | V42: Гл-109 | W42: A | X42: Не могу включить проектор | Y42: Кафедра истории России | Z42: Высокое | AA42: Телефон | AB42: 29.8 | AD42: training_needed | AE42: Windows 9 / AMD CPU | AF42: MMC-0936 | AG42: 45942.742 | AH42: 45943.983 | AI42: 45949 | AJ42: 3 | AK42: Низкая | AL42: На месте
A43: MMC-1012 | B43: Запрос на обслуживание | C43: Нет изображения на экране в аудитории Гл-104 | D43: Преподаватель: Смирнов В.В. Подразделение: Кафедра философии и социологии Аудитория: Гл-104 Дата возникновения проблемы: 10.03.2024 14:54 Описание проблемы: Нет изображения на экране Предпринятые действия: Проверил настройки ПО, проблема не решена Контактный телефон: +7 (966) 909-67-05 | E43: В работе | F43: Medium | H43: 45943.448 | I43: 45945.698 | K43: Сетевое оборудование | L43: MMC v1.6 | N43: Смирнов В.В. | P43: 3 | Q43: multimedia_dept | V43: Гл-104 | W43: A | X43: Нет изображения на экране | Y43: Кафедра философии и социологии | Z43: Низкое | AA43: Email | AC43: Требуется замена блока питания. Оборудование снято с эксплуатации. | AD43: multimedia | AE43: Windows 10 / Intel CPU | AG43: 45943.448 | AJ43: 3 | AK43: Низкая | AL43: Удаленно
A44: MMC-1013 | B44: Запрос на обслуживание | C44: Требуется инструкция по использованию в аудитории Гл-105 | D44: СООБЩЕНИЕ О ПРОБЛЕМЕ ------------------ Аудитория: Гл-105 Оборудование: Мультимедийный комплекс Преподаватель: Сидоров В.В. Кафедра: Кафедра экономики и менеджмента ПРОБЛЕМА: Требуется инструкция по использованию ВРЕМЯ ВОЗНИКНОВЕНИЯ: 07.03.2024 08:39 ДОПОЛНИТЕЛЬНАЯ ИНФОРМАЦИЯ: Иногда работает нормально, иногда нет СТАТУС: Требуется вмешательство специалиста | E44: Решена | F44: Medium | G44: Решено | H44: 45943.551 | I44: 45944.501 | J44: 45944.501 | K44: ПО | L44: MMC v1.7 | M44: MMC v3.5 | N44: Сидоров В.В. | P44: 0 | R44: 1h | T44: 5h | U44: 113 | V44: Гл-105 | W44: A | X44: Требуется инструкция по использованию | Y44: Кафедра экономики и менеджмента | Z44: Среднее | AA44: Личное обращение | AB44: 22.8 | AD44: software | AE44: Windows 8 / Intel CPU | AG44: 45943.551 | AH44: 45944.501 | AI44: 45945 | AJ44: 0 | AK44: Высокая | AL44: На месте
A45: MMC-1096 | B45: Проблема | C45: Другая проблема. Аудитория: Гл-212 | D45: СООБЩЕНИЕ О ПРОБЛЕМЕ ------------------ Аудитория: Гл-212 Оборудование: Мультимедийный комплекс Преподаватель: Иванов Б.Б. Кафедра: Кафедра общей физики ПРОБЛЕМА: Другая проблема ВРЕМЯ ВОЗНИКНОВЕНИЯ: 23.03.2024 11:39 ДОПОЛНИТЕЛЬНАЯ ИНФОРМАЦИЯ: Проблема возникает при каждом использовании СТАТУС: Требуется вмешательство специалиста | E45: Решена | F45: Medium | G45: Решено | H45: 45943.61 | I45: 45944.433 | J45: 45944.433 | K45: Акустика | L45: MMC v1.4 | M45: MMC v4.5 | N45: Иванов Б.Б. | O45: Попов Р.М. | P45: 1 | Q45: multimedia_dept | T45: 6h | U45: 135 | V45: Гл-212 | W45: B | X45: Другая проблема | Y45: Кафедра общей физики | Z45: Критичное | AA45: Портал самообслуживания | AB45: 19.8 | AC45: Требуется замена блока питания. Оборудование снято с эксплуатации. | AD45: hardware | AE45: Windows 9 / AMD CPU | AF45: MMC-0935 | AG45: 45943.61 | AH45: 45944.433 | AJ45: 1 | AK45: Средняя | AL45: На месте
A46: MMC-1023 | B46: Запрос на обслуживание | C46: Аудитория Гл-111: Не могу включить проектор | D46: ЗАЯВКА В ТЕХПОДДЕРЖКУ 1. Общие сведения: - Аудитория: Гл-111 - Преподаватель: Смирнов В.В. - Подразделение: Кафедра высшей математики - Дата/время: 18.03.2024 13:58 2. Суть проблемы: Не могу включить проектор 3. Симптомы: Посторонние шумы в акустике 4. Влияние на учебный процесс: Перенесено в другую аудиторию Контакт для обратной связи: Смирнов В.В. | E46: Открыта | F46: Medium | H46: 45943.683 | I46: 45945.808 | K46: Проектор | L46: MMC v1.0 | N46: Смирнов В.В. | O46: Васильев И.Н. | P46: 3 | V46: Гл-111 | W46: A | X46: Не могу включить проектор | Y46: Кафедра высшей математики | Z46: Высокое | AA46: Личное обращение | AD46: software | AE46: Windows 11 / AMD CPU | AG46: 45943.683 | AI46: 45947 | AJ46: 0 | AK46: Средняя | AL46: Консультация
A47: MMC-1079 | B47: Проблема | C47: Неисправность оборудования в Гл-202: Не могу включить проектор | D47: ЗАЯВКА В ТЕХПОДДЕРЖКУ 1. Общие сведения: - Аудитория: Гл-202 - Преподаватель: Кузнецов А.А. - Подразделение: Кафедра философии и социологии - Дата/время: 26.03.2024 14:01 2. Суть проблемы: Не могу включить проектор 3. Симптомы: Изображение/звук появляются и пропадают 4. Влияние на учебный процесс: Занятие проведено без мультимедийного оборудования Контакт для обратной связи: Кузнецов А.А. | E47: Решена | F47: Medium | G47: Решено | H47: 45943.692 | I47: 45943.937 | J47: 45943.937 | K47: ПО | L47: MMC v3.2 | M47: MMC v1.5 | N47: Кузнецов А.А. | O47: Иванов А.С. | P47: 3 | Q47: multimedia_dept | T47: 5h | U47: 419 | V47: Гл-202 | W47: B | X47: Не могу включить проектор | Y47: Кафедра философии и социологии | Z47: Критичное | AA47: Телефон | AB47: 5.9 | AC47: Проверил оборудование. Замена кабеля HDMI решает проблему. | AD47: multimedia | AE47: Windows 7 / AMD CPU | AG47: 45943.692 | AH47: 45943.937 | AJ47: 2 | AK47: Средняя | AL47: Консультация
A48: MMC-1057 | B48: Проблема | C48: Неисправность оборудования в Гл-110: Не могу включить проектор | D48: Преподаватель: Федоров А.А. Подразделение: Кафедра инженерной графики Аудитория: Гл-110 Дата возникновения проблемы: 17.03.2024 14:26 Описание проблемы: Не могу включить проектор Предпринятые действия: Попытался использовать запасные кабели, проблема сохраняется Контактный телефон: +7 (925) 134-12-52 | E48: Решена | F48: Medium | G48: Решено | H48: 45943.713 | I48: 45944.99 | J48: 45944.99 | K48: ПО | L48: MMC v3.2 | M48: MMC v2.7 | N48: Федоров А.А. | P48: 1 | Q48: support_team | R48: 1h | T48: 3h | U48: 104 | V48: Гл-110 | W48: A | X48: Не могу включить проектор | Y48: Кафедра инженерной графики | Z48: Низкое | AA48: Email | AB48: 30.6 | AD48: training_needed | AE48: Windows 11 / AMD CPU | AG48: 45943.713 | AH48: 45944.99 | AJ48: 3 | AK48: Средняя | AL48: Удаленно
A49: MMC-1022 | B49: Запрос на обслуживание | C49: Не могу включить проектор в аудитории Гл-104 | D49: ЗАЯВКА В ТЕХПОДДЕРЖКУ 1. Общие сведения: - Аудитория: Гл-104 - Преподаватель: Морозов В.В. - Подразделение: Кафедра экономики и менеджмента - Дата/время: 20.03.2024 12:43 2. Суть проблемы: Не могу включить проектор 3. Симптомы: Оборудование не реагирует на команды 4. Влияние на учебный процесс: Перенесено в другую аудиторию Контакт для обратной связи: Морозов В.В. | E49: Решена | F49: Medium | G49: Решено | H49: 45943.724 | I49: 45945.611 | J49: 45945.611 | K49: Проектор | L49: MMC v3.5 | M49: MMC v2.1 | N49: Морозов В.В. | O49: Смирнова О.Л. | P49: 3 | T49: 5h | U49: 287 | V49: Гл-104 | W49: A | X49: Не могу включить проектор | Y49: Кафедра экономики и менеджмента | Z49: Среднее | AA49: Email | AB49: 45.3 | AD49: training_needed | AE49: Windows 9 / AMD CPU | AF49: MMC-0959 | AG49: 45943.724 | AH49: 45945.611 | AI49: 45945 | AJ49: 1 | AK49: Высокая | AL49: Консультация
A50: MMC-1041 | B50: Запрос на обслуживание | C50: Неисправность оборудования в Гл-103: Нет звука в аудиосистеме | D50: СООБЩЕНИЕ О ПРОБЛЕМЕ ------------------ Аудитория: Гл-103 Оборудование: Мультимедийный комплекс Преподаватель: Смирнов Б.Б. Кафедра: Кафедра истории России ПРОБЛЕМА: Нет звука в аудиосистеме ВРЕМЯ ВОЗНИКНОВЕНИЯ: 20.03.2024 15:16 ДОПОЛНИТЕЛЬНАЯ ИНФОРМАЦИЯ: Проблема возникает при каждом использовании СТАТУС: Требуется вмешательство специалиста | E50: Закрыта | F50: Medium | G50: Решено | H50: 45943.741 | I50: 45945.339 | J50: 45945.339 | K50: Другое оборудование | L50: MMC v3.6 | M50: MMC v2.3 | N50: Смирнов Б.Б. | P50: 0 | T50: 3h | U50: 314 | V50: Гл-103 | W50: A | X50: Нет звука в аудиосистеме | Y50: Кафедра истории России | Z50: Высокое | AA50: Личное обращение | AB50: 38.4 | AC50: Проведена диагностика. Оборудование работает в штатном режиме. | AD50: hardware | AE50: Windows 11 / AMD CPU | AF50: MMC-0994 | AG50: 45943.741 | AH50: 45945.339 | AI50: 45949 | AJ50: 1 | AK50: Высокая | AL50: Удаленно
A51: MMC-1089 | B51: Запрос на обслуживание | C51: Проблема: Нет изображения на экране (аудитория Гл-207) | D51: СООБЩЕНИЕ О ПРОБЛЕМЕ ------------------ Аудитория: Гл-207 Оборудование: Мультимедийный комплекс Преподаватель: Васильев А.А. Кафедра: Кафедра истории России ПРОБЛЕМА: Нет изображения на экране ВРЕМЯ ВОЗНИКНОВЕНИЯ: 20.03.2024 14:34 ДОПОЛНИТЕЛЬНАЯ ИНФОРМАЦИЯ: Проблема появилась после обновления ПО СТАТУС: Требуется вмешательство специалиста | E51: Решена | F51: Medium | G51: Решено | H51: 45943.751 | I51: 45945.219 | J51: 45945.219 | K51: Другое оборудование | L51: MMC v3.2 | M51: MMC v2.2 | N51: Васильев А.А. | P51: 2 | T51: 6h | U51: 390 | V51: Гл-207 | W51: B | X51: Нет изображения на экране | Y51: Кафедра истории России | Z51: Критичное | AA51: Личное обращение | AB51: 35.2 | AC51: Требуется настройка проектора. Выполнена калибровка. | AD51: urgent | AE51: Windows 7 / AMD CPU | AG51: 45943.751 | AH51: 45945.219 | AI51: 45947 | AJ51: 2 | AK51: Средняя | AL51: Удаленно
A52: MMC-1065 | B52: Инцидент | C52: Сложность с настройкой источников. Аудитория: Гл-215 | D52: ЗАЯВКА В ТЕХПОДДЕРЖКУ 1. Общие сведения: - Аудитория: Гл-215 - Преподаватель: Иванов А.А. - Подразделение: Кафедра иностранных языков - Дата/время: 23.03.2024 12:05 2. Суть проблемы: Сложность с настройкой источников 3. Симптомы: Посторонние шумы в акустике 4. Влияние на учебный процесс: Перенесено в другую аудиторию Контакт для обратной связи: Иванов А.А. | E52: Решена | F52: Medium | G52: Решено | H52: 45944.343 | I52: 45946.088 | J52: 45946.088 | K52: Другое оборудование | L52: MMC v1.9 | M52: MMC v1.8 | N52: Иванов А.А. | P52: 3 | T52: 1h | U52: 322 | V52: Гл-215 | W52: B | X52: Сложность с настройкой источников | Y52: Кафедра иностранных языков | Z52: Высокое | AA52: Email | AB52: 41.9 | AD52: urgent | AE52: Windows 10 / AMD CPU | AG52: 45944.343 | AH52: 45946.088 | AJ52: 0 | AK52: Низкая | AL52: Удаленно
A53: MMC-1053 | B53: Запрос на обслуживание | C53: Не могу включить проектор в аудитории Гл-109 | D53: СООБЩЕНИЕ О ПРОБЛЕМЕ ------------------ Аудитория: Гл-109 Оборудование: Мультимедийный комплекс Преподаватель: Попов Б.Б. Кафедра: Кафедра иностранных языков ПРОБЛЕМА: Не могу включить проектор ВРЕМЯ ВОЗНИКНОВЕНИЯ: 06.03.2024 10:17 ДОПОЛНИТЕЛЬНАЯ ИНФОРМАЦИЯ: Проблема появилась после обновления ПО СТАТУС: Требуется вмешательство специалиста | E53: Открыта | F53: High | H53: 45944.376 | I53: 45947.334 | K53: Сетевое оборудование | L53: MMC v2.6 | N53: Попов Б.Б. | P53: 0 | Q53: support_team | V53: Гл-109 | W53: A | X53: Не могу включить проектор | Y53: Кафедра иностранных языков | Z53: Высокое | AA53: Личное обращение | AC53: Оборудование исправно. Проведен инструктаж пользователя. | AD53: training_needed | AE53: Windows 7 / Intel CPU | AG53: 45944.376 | AI53: 45947 | AJ53: 3 | AK53: Средняя | AL53: На месте
A54: MMC-1029 | B54: Проблема | C54: Аудитория Гл-102: Не могу включить проектор | D54: Преподаватель: Волков А.А. Подразделение: Кафедра инженерной графики Аудитория: Гл-102 Дата возникновения проблемы: 12.03.2024 18:52 Описание проблемы: Не могу включить проектор Предпринятые действия: Попытался использовать запасные кабели, проблема сохраняется Контактный телефон: +7 (952) 181-88-35 | E54: Решена | F54: Medium | G54: Решено | H54: 45944.385 | I54: 45945.492 | J54: 45945.492 | K54: Акустика | L54: MMC v3.2 | M54: MMC v1.2 | N54: Волков А.А. | O54: Федорова Т.С. | P54: 3 | Q54: multimedia_dept | R54: 4h | T54: 6h | U54: 389 | V54: Гл-102 | W54: A | X54: Не могу включить проектор | Y54: Кафедра инженерной графики | Z54: Среднее | AA54: Портал самообслуживания | AB54: 26.6 | AD54: multimedia | AE54: Windows 10 / AMD CPU | AG54: 45944.385 | AH54: 45945.492 | AI54: 45949 | AJ54: 0 | AK54: Средняя | AL54: Консультация
A55: MMC-1028 | B55: Инцидент | C55: Нет звука в аудиосистеме. Аудитория: Гл-106 | D55: ЗАЯВКА В ТЕХПОДДЕРЖКУ 1. Общие сведения: - Аудитория: Гл-106 - Преподаватель: Кузнецов А.А. - Подразделение: Кафедра информатики и вычислительной техники - Дата/время: 04.03.2024 08:31 2. Суть проблемы: Нет звука в аудиосистеме 3. Симптомы: Изображение/звук появляются и пропадают 4. Влияние на учебный процесс: Проведено с ограничениями Контакт для обратной связи: Кузнецов А.А. | E55: Решена | F55: Medium | G55: Решено | H55: 45944.387 | I55: 45945.992 | J55: 45945.992 | K55: Акустика | L55: MMC v3.8 | M55: MMC v3.1 | N55: Кузнецов А.А. | P55: 0 | Q55: support_team | T55: 1h | U55: 260 | V55: Гл-106 | W55: A | X55: Нет звука в аудиосистеме | Y55: Кафедра информатики и вычислительной техники | Z55: Низкое | AA55: Личное обращение | AB55: 38.5 | AC55: Проведена диагностика. Оборудование работает в штатном режиме. | AD55: urgent | AE55: Windows 7 / AMD CPU | AG55: 45944.387 | AH55: 45945.992 | AJ55: 3 | AK55: Высокая | AL55: На месте
A56: MMC-1021 | B56: Инцидент | C56: Аудитория Гл-102: Не могу включить проектор | D56: Преподаватель: Кузнецов А.А. Подразделение: Кафедра информатики и вычислительной техники Аудитория: Гл-102 Дата возникновения проблемы: 22.03.2024 10:10 Описание проблемы: Не могу включить проектор Предпринятые действия: Попытался использовать запасные кабели, проблема сохраняется Контактный телефон: +7 (945) 562-38-69 | E56: Решена | F56: Medium | G56: Решено | H56: 45944.408 | I56: 45944.719 | J56: 45944.719 | K56: ПО | L56: MMC v1.3 | M56: MMC v4.4 | N56: Кузнецов А.А. | O56: Иванов А.С. | P56: 3 | Q56: support_team | T56: 2h | U56: 137 | V56: Гл-102 | W56: A | X56: Не могу включить проектор | Y56: Кафедра информатики и вычислительной техники | Z56: Низкое | AA56: Портал самообслуживания | AB56: 7.5 | AC56: Выявлена аппаратная неисправность. Запланирован ремонт. | AD56: software | AE56: Windows 10 / AMD CPU | AG56: 45944.408 | AH56: 45944.719 | AJ56: 3 | AK56: Средняя | AL56: Удаленно
A57: MMC-1010 | B57: Проблема | C57: Проблема: Не могу включить проектор (аудитория Гл-111) | D57: ЗАЯВКА В ТЕХПОДДЕРЖКУ 1. Общие сведения: - Аудитория: Гл-111 - Преподаватель: Федоров А.А. - Подразделение: Кафедра экономики и менеджмента - Дата/время: 26.03.2024 17:38 2. Суть проблемы: Не могу включить проектор 3. Симптомы: Посторонние шумы в акустике 4. Влияние на учебный процесс: Проведено с ограничениями Контакт для обратной связи: Федоров А.А. | E57: Решена | F57: Medium | G57: Решено | H57: 45944.559 | I57: 45946.065 | J57: 45946.065 | K57: ПО | L57: MMC v2.2 | M57: MMC v1.4 | N57: Федоров А.А. | O57: Смирнова О.Л. | P57: 0 | T57: 2h | U57: 201 | V57: Гл-111 | W57: A | X57: Не могу включить проектор | Y57: Кафедра экономики и менеджмента | Z57: Высокое | AA57: Телефон | AB57: 36.1 | AD57: training_needed | AE57: Windows 11 / Intel CPU | AG57: 45944.559 | AH57: 45946.065 | AI57: 45949 | AJ57: 1 | AK57: Высокая | AL57: Консультация
A58: MMC-1018 | B58: Проблема | C58: Другая проблема в аудитории Гл-115 | D58: ЗАЯВКА В ТЕХПОДДЕРЖКУ 1. Общие сведения: - Аудитория: Гл-115 - Преподаватель: Морозов В.В. - Подразделение: Кафедра безопасности информационных систем - Дата/время: 19.03.2024 14:40 2. Суть проблемы: Другая проблема 3. Симптомы: Посторонние шумы в акустике 4. Влияние на учебный процесс: Перенесено в другую аудиторию Контакт для обратной связи: Морозов В.В. | E58: Решена | F58: Medium | G58: Решено | H58: 45944.568 | I58: 45944.828 | J58: 45944.828 | K58: Компьютер | L58: MMC v3.1 | M58: MMC v2.5 | N58: Морозов В.В. | O58: Федорова Т.С. | P58: 2 | Q58: multimedia_dept | R58: 1h | T58: 4h | U58: 145 | V58: Гл-115 | W58: A | X58: Другая проблема | Y58: Кафедра безопасности информационных систем | Z58: Среднее | AA58: Портал самообслуживания | AB58: 6.2 | AD58: training_needed | AE58: Windows 11 / Intel CPU | AG58: 45944.568 | AH58: 45944.828 | AJ58: 3 | AK58: Низкая | AL58: Удаленно
A59: MMC-1006 | B59: Инцидент | C59: Другая проблема. Аудитория: Гл-103 | D59: СООБЩЕНИЕ О ПРОБЛЕМЕ ------------------ Аудитория: Гл-103 Оборудование: Мультимедийный комплекс Преподаватель: Петров В.В. Кафедра: Кафедра экономики и менеджмента ПРОБЛЕМА: Другая проблема ВРЕМЯ ВОЗНИКНОВЕНИЯ: 02.03.2024 17:47 ДОПОЛНИТЕЛЬНАЯ ИНФОРМАЦИЯ: Проблема появилась после обновления ПО СТАТУС: Требуется вмешательство специалиста | E59: В работе | F59: Medium | H59: 45944.646 | I59: 45946.812 | K59: ПО | L59: MMC v3.2 | N59: Петров В.В. | P59: 0 | V59: Гл-103 | W59: A | X59: Другая проблема | Y59: Кафедра экономики и менеджмента | Z59: Критичное | AA59: Email | AD59: hardware | AE59: Windows 8 / Intel CPU | AG59: 45944.646 | AJ59: 2 | AK59: Средняя | AL59: Удаленно
A60: MMC-1054 | B60: Запрос на обслуживание | C60: Аудитория Гл-106: Не подключается ноутбук через HDMI | D60: Преподаватель: Федоров Б.Б. Подразделение: Кафедра органической химии Аудитория: Гл-106 Дата возникновения проблемы: 27.03.2024 14:23 Описание проблемы: Не подключается ноутбук через HDMI Предпринятые действия: Проверил подключение питания, перезагрузил оборудование Контактный телефон: +7 (965) 479-35-64 | E60: В работе | F60: Low | H60: 45944.776 | I60: 45946.526 | K60: Сетевое оборудование | L60: MMC v3.3 | N60: Федоров Б.Б. | O60: Васильев И.Н. | P60: 0 | Q60: support_team | V60: Гл-106 | W60: A | X60: Не подключается ноутбук через HDMI | Y60: Кафедра органической химии | Z60: Высокое | AA60: Портал самообслуживания | AD60: software | AE60: Windows 8 / AMD CPU | AG60: 45944.776 | AJ60: 3 | AK60: Высокая | AL60: На месте
A61: MMC-1081 | B61: Запрос на обслуживание | C61: Аудитория Гл-204: Нет изображения на экране | D61: СООБЩЕНИЕ О ПРОБЛЕМЕ ------------------ Аудитория: Гл-204 Оборудование: Мультимедийный комплекс Преподаватель: Иванов Б.Б. Кафедра: Кафедра инженерной графики ПРОБЛЕМА: Нет изображения на экране ВРЕМЯ ВОЗНИКНОВЕНИЯ: 20.03.2024 12:56 ДОПОЛНИТЕЛЬНАЯ ИНФОРМАЦИЯ: Проблема появилась после обновления ПО СТАТУС: Требуется вмешательство специалиста | E61: Решена | F61: High | G61: Решено | H61: 45945.511 | I61: 45945.839 | J61: 45945.839 | K61: Сетевое оборудование | L61: MMC v2.4 | M61: MMC v4.7 | N61: Иванов Б.Б. | O61: Сидоров Д.К. | P61: 0 | T61: 1h | U61: 181 | V61: Гл-204 | W61: B | X61: Нет изображения на экране | Y61: Кафедра инженерной графики | Z61: Критичное | AA61: Личное обращение | AB61: 7.9 | AC61: Проблема решена удаленно через систему управления. | AD61: hardware | AE61: Windows 10 / Intel CPU | AG61: 45945.511 | AH61: 45945.839 | AI61: 45950 | AJ61: 0 | AK61: Высокая | AL61: Консультация
A62: MMC-1061 | B62: Запрос на обслуживание | C62: Проблема: Нет изображения на экране (аудитория Гл-203) | D62: СООБЩЕНИЕ О ПРОБЛЕМЕ ------------------ Аудитория: Гл-203 Оборудование: Мультимедийный комплекс Преподаватель: Кузнецов Б.Б. Кафедра: Кафедра иностранных языков ПРОБЛЕМА: Нет изображения на экране ВРЕМЯ ВОЗНИКНОВЕНИЯ: 12.03.2024 11:40 ДОПОЛНИТЕЛЬНАЯ ИНФОРМАЦИЯ: Ранее подобных проблем не наблюдалось СТАТУС: Требуется вмешательство специалиста | E62: Решена | F62: High | G62: Решено | H62: 45946.385 | I62: 45948.378 | J62: 45948.378 | K62: Проектор | L62: MMC v1.1 | M62: MMC v4.5 | N62: Кузнецов Б.Б. | O62: Смирнова О.Л. | P62: 1 | T62: 1h | U62: 227 | V62: Гл-203 | W62: B | X62: Нет изображения на экране | Y62: Кафедра иностранных языков | Z62: Среднее | AA62: Телефон | AB62: 47.9 | AC62: Выявлена аппаратная неисправность. Запланирован ремонт. | AD62: equipment | AE62: Windows 11 / Intel CPU | AG62: 45946.385 | AH62: 45948.378 | AJ62: 0 | AK62: Низкая | AL62: На месте
A63: MMC-1056 | B63: Инцидент | C63: Аудитория Гл-106: Не могу включить проектор | D63: ЗАЯВКА В ТЕХПОДДЕРЖКУ 1. Общие сведения: - Аудитория: Гл-106 - Преподаватель: Иванов Б.Б. - Подразделение: Кафедра высшей математики - Дата/время: 14.03.2024 15:14 2. Суть проблемы: Не могу включить проектор 3. Симптомы: Изображение/звук появляются и пропадают 4. Влияние на учебный процесс: Проведено с ограничениями Контакт для обратной связи: Иванов Б.Б. | E63: Решена | F63: Medium | G63: Решено | H63: 45946.394 | I63: 45947.617 | J63: 45947.617 | K63: Другое оборудование | L63: MMC v3.3 | M63: MMC v4.9 | N63: Иванов Б.Б. | O63: Иванов А.С. | P63: 1 | T63: 6h | U63: 132 | V63: Гл-106 | W63: A | X63: Не могу включить проектор | Y63: Кафедра высшей математики | Z63: Критичное | AA63: Email | AB63: 29.3 | AD63: equipment | AE63: Windows 10 / Intel CPU | AG63: 45946.394 | AH63: 45947.617 | AI63: 45951 | AJ63: 2 | AK63: Высокая | AL63: На месте
A64: MMC-1020 | B64: Проблема | C64: Проблема: Нет звука в аудиосистеме (аудитория Гл-109) | D64: ЗАЯВКА В ТЕХПОДДЕРЖКУ 1. Общие сведения: - Аудитория: Гл-109 - Преподаватель: Кузнецов Б.Б. - Подразделение: Кафедра органической химии - Дата/время: 16.03.2024 08:08 2. Суть проблемы: Нет звука в аудиосистеме 3. Симптомы: Посторонние шумы в акустике 4. Влияние на учебный процесс: Занятие отменено Контакт для обратной связи: Кузнецов Б.Б. | E64: Решена | F64: Medium | G64: Решено | H64: 45946.556 | I64: 45948.031 | J64: 45948.031 | K64: Сетевое оборудование | L64: MMC v1.2 | M64: MMC v4.2 | N64: Кузнецов Б.Б. | P64: 2 | Q64: support_team | T64: 4h | U64: 432 | V64: Гл-109 | W64: A | X64: Нет звука в аудиосистеме | Y64: Кафедра органической химии | Z64: Критичное | AA64: Портал самообслуживания | AB64: 35.4 | AC64: Требуется замена блока питания. Оборудование снято с эксплуатации. | AD64: training_needed | AE64: Windows 9 / AMD CPU | AF64: MMC-0904 | AG64: 45946.556 | AH64: 45948.031 | AI64: 45948 | AJ64: 2 | AK64: Низкая | AL64: Консультация
A65: MMC-1064 | B65: Проблема | C65: Другая проблема. Аудитория: Гл-201 | D65: Преподаватель: Иванов Б.Б. Подразделение: Кафедра истории России Аудитория: Гл-201 Дата возникновения проблемы: 17.03.2024 18:57 Описание проблемы: Другая проблема Предпринятые действия: Проверил подключение питания, перезагрузил оборудование Контактный телефон: +7 (953) 654-19-51 | E65: Закрыта | F65: Low | G65: Решено | H65: 45946.558 | I65: 45947.099 | J65: 45947.099 | K65: Проектор | L65: MMC v2.4 | M65: MMC v3.5 | N65: Иванов Б.Б. | P65: 3 | T65: 3h | U65: 388 | V65: Гл-201 | W65: B | X65: Другая проблема | Y65: Кафедра истории России | Z65: Среднее | AA65: Email | AB65: 13.0 | AD65: hardware | AE65: Windows 10 / Intel CPU | AG65: 45946.558 | AH65: 45947.099 | AJ65: 1 | AK65: Низкая | AL65: Удаленно
A66: MMC-1011 | B66: Запрос на обслуживание | C66: Проблема: Требуется инструкция по использованию (аудитория Гл-107) | D66: Преподаватель: Волков А.А. Подразделение: Кафедра высшей математики Аудитория: Гл-107 Дата возникновения проблемы: 22.03.2024 16:35 Описание проблемы: Требуется инструкция по использованию Предпринятые действия: Переключил источники сигнала, безрезультатно Контактный телефон: +7 (987) 083-17-27 | E66: В работе | F66: Low | H66: 45946.594 | I66: 45946.635 | K66: Другое оборудование | L66: MMC v2.7 | N66: Волков А.А. | P66: 1 | Q66: multimedia_dept | V66: Гл-107 | W66: A | X66: Требуется инструкция по использованию | Y66: Кафедра высшей математики | Z66: Низкое | AA66: Email | AD66: multimedia | AE66: Windows 9 / Intel CPU | AG66: 45946.594 | AJ66: 0 | AK66: Низкая | AL66: Удаленно
A67: MMC-1055 | B67: Проблема | C67: Не запускается мультимедийное ПО в аудитории Гл-109 | D67: Преподаватель: Морозов Б.Б. Подразделение: Кафедра истории России Аудитория: Гл-109 Дата возникновения проблемы: 04.03.2024 08:06 Описание проблемы: Не запускается мультимедийное ПО Предпринятые действия: Переключил источники сигнала, безрезультатно Контактный телефон: +7 (935) 290-96-56 | E67: Открыта | F67: Medium | H67: 45947.607 | I67: 45949.565 | K67: Сетевое оборудование | L67: MMC v3.9 | N67: Морозов Б.Б. | O67: Сидоров Д.К. | P67: 2 | V67: Гл-109 | W67: A | X67: Не запускается мультимедийное ПО | Y67: Кафедра истории России | Z67: Среднее | AA67: Личное обращение | AC67: Требуется настройка проектора. Выполнена калибровка. | AD67: multimedia | AE67: Windows 8 / AMD CPU | AG67: 45947.607 | AJ67: 1 | AK67: Высокая | AL67: На месте
A68: MMC-1071 | B68: Запрос на обслуживание | C68: Сложность с настройкой источников в аудитории Гл-206 | D68: Преподаватель: Сидоров Б.Б. Подразделение: Кафедра общей физики Аудитория: Гл-206 Дата возникновения проблемы: 06.03.2024 09:35 Описание проблемы: Сложность с настройкой источников Предпринятые действия: Проверил подключение питания, перезагрузил оборудование Контактный телефон: +7 (940) 541-15-26 | E68: Закрыта | F68: Medium | G68: Решено | H68: 45948.588 | I68: 45950.158 | J68: 45950.158 | K68: Другое оборудование | L68: MMC v1.9 | M68: MMC v4.2 | N68: Сидоров Б.Б. | P68: 2 | R68: 4h | T68: 6h | U68: 383 | V68: Гл-206 | W68: B | X68: Сложность с настройкой источников | Y68: Кафедра общей физики | Z68: Среднее | AA68: Портал самообслуживания | AB68: 37.7 | AD68: multimedia | AE68: Windows 7 / AMD CPU | AG68: 45948.588 | AH68: 45950.158 | AI68: 45950 | AJ68: 0 | AK68: Средняя | AL68: Удаленно
A69: MMC-1046 | B69: Проблема | C69: Проблема: Нет изображения на экране (аудитория Гл-101) | D69: ЗАЯВКА В ТЕХПОДДЕРЖКУ 1. Общие сведения: - Аудитория: Гл-101 - Преподаватель: Морозов В.В. - Подразделение: Кафедра информатики и вычислительной техники - Дата/время: 02.03.2024 12:26 2. Суть проблемы: Нет изображения на экране 3. Симптомы: Посторонние шумы в акустике 4. Влияние на учебный процесс: Перенесено в другую аудиторию Контакт для обратной связи: Морозов В.В. | E69: Закрыта | F69: Low | G69: Решено | H69: 45948.655 | I69: 45950.614 | J69: 45950.614 | K69: Сетевое оборудование | L69: MMC v2.6 | M69: MMC v4.1 | N69: Морозов В.В. | O69: Сидоров Д.К. | P69: 2 | T69: 5h | U69: 301 | V69: Гл-101 | W69: A | X69: Нет изображения на экране | Y69: Кафедра информатики и вычислительной техники | Z69: Высокое | AA69: Email | AB69: 47.0 | AC69: Проверил оборудование. Замена кабеля HDMI решает проблему. | AD69: urgent | AE69: Windows 10 / AMD CPU | AG69: 45948.655 | AH69: 45950.614 | AI69: 45950 | AJ69: 3 | AK69: Средняя | AL69: Удаленно
A70: MMC-1031 | B70: Инцидент | C70: Аудитория Гл-102: Не подключается ноутбук через HDMI | D70: Преподаватель: Волков В.В. Подразделение: Кафедра безопасности информационных систем Аудитория: Гл-102 Дата возникновения проблемы: 18.03.2024 14:41 Описание проблемы: Не подключается ноутбук через HDMI Предпринятые действия: Переключил источники сигнала, безрезультатно Контактный телефон: +7 (992) 546-29-14 | E70: Решена | F70: Medium | G70: Решено | H70: 45948.767 | I70: 45950.762 | J70: 45950.762 | K70: Проектор | L70: MMC v2.4 | M70: MMC v2.3 | N70: Волков В.В. | P70: 3 | T70: 2h | U70: 179 | V70: Гл-102 | W70: A | X70: Не подключается ноутбук через HDMI | Y70: Кафедра безопасности информационных систем | Z70: Критичное | AA70: Портал самообслуживания | AB70: 47.9 | AC70: Требуется настройка проектора. Выполнена калибровка. | AD70: hardware | AE70: Windows 11 / Intel CPU | AG70: 45948.767 | AH70: 45950.762 | AI70: 45953 | AJ70: 1 | AK70: Высокая | AL70: На месте
A71: MMC-1058 | B71: Инцидент | C71: Нет изображения на экране. Аудитория: Гл-102 | D71: ЗАЯВКА В ТЕХПОДДЕРЖКУ 1. Общие сведения: - Аудитория: Гл-102 - Преподаватель: Смирнов В.В. - Подразделение: Кафедра инженерной графики - Дата/время: 18.03.2024 08:48 2. Суть проблемы: Нет изображения на экране 3. Симптомы: Посторонние шумы в акустике 4. Влияние на учебный процесс: Занятие отменено Контакт для обратной связи: Смирнов В.В. | E71: Закрыта | F71: Medium | G71: Решено | H71: 45949.368 | I71: 45950.161 | J71: 45950.161 | K71: Другое оборудование | L71: MMC v1.4 | M71: MMC v1.7 | N71: Смирнов В.В. | P71: 0 | Q71: support_team | R71: 1h | T71: 2h | U71: 207 | V71: Гл-102 | W71: A | X71: Нет изображения на экране | Y71: Кафедра инженерной графики | Z71: Среднее | AA71: Личное обращение | AB71: 19.0 | AD71: equipment | AE71: Windows 8 / Intel CPU | AF71: MMC-0972 | AG71: 45949.368 | AH71: 45950.161 | AJ71: 2 | AK71: Высокая | AL71: Консультация
A72: MMC-1015 | B72: Запрос на обслуживание | C72: Неисправность оборудования в Гл-115: Не могу включить проектор | D72: Преподаватель: Федоров В.В. Подразделение: Кафедра экономики и менеджмента Аудитория: Гл-115 Дата возникновения проблемы: 10.03.2024 18:37 Описание проблемы: Не могу включить проектор Предпринятые действия: Переключил источники сигнала, безрезультатно Контактный телефон: +7 (977) 701-43-63 | E72: Открыта | F72: Low | H72: 45950.524 | I72: 45951.566 | K72: ПО | L72: MMC v2.5 | N72: Федоров В.В. | O72: Васильев И.Н. | P72: 2 | Q72: support_team | V72: Гл-115 | W72: A | X72: Не могу включить проектор | Y72: Кафедра экономики и менеджмента | Z72: Высокое | AA72: Портал самообслуживания | AD72: hardware | AE72: Windows 8 / Intel CPU | AG72: 45950.524 | AJ72: 2 | AK72: Низкая | AL72: Удаленно
A73: MMC-1034 | B73: Инцидент | C73: Неисправность оборудования в Гл-101: Не подключается ноутбук через HDMI | D73: ЗАЯВКА В ТЕХПОДДЕРЖКУ 1. Общие сведения: - Аудитория: Гл-101 - Преподаватель: Смирнов Б.Б. - Подразделение: Кафедра иностранных языков - Дата/время: 09.03.2024 08:22 2. Суть проблемы: Не подключается ноутбук через HDMI 3. Симптомы: Изображение/звук появляются и пропадают 4. Влияние на учебный процесс: Занятие отменено Контакт для обратной связи: Смирнов Б.Б. | E73: Решена | F73: Medium | G73: Решено | H73: 45950.552 | I73: 45951.081 | J73: 45951.081 | K73: Другое оборудование | L73: MMC v2.2 | M73: MMC v1.5 | N73: Смирнов Б.Б. | O73: Сидоров Д.К. | P73: 3 | Q73: multimedia_dept | T73: 2h | U73: 169 | V73: Гл-101 | W73: A | X73: Не подключается ноутбук через HDMI | Y73: Кафедра иностранных языков | Z73: Критичное | AA73: Личное обращение | AB73: 12.7 | AD73: equipment | AE73: Windows 7 / Intel CPU | AF73: MMC-0940 | AG73: 45950.552 | AH73: 45951.081 | AI73: 45955 | AJ73: 3 | AK73: Высокая | AL73: На месте
A74: MMC-1036 | B74: Запрос на обслуживание | C74: Не могу включить проектор. Аудитория: Гл-114 | D74: ЗАЯВКА В ТЕХПОДДЕРЖКУ 1. Общие сведения: - Аудитория: Гл-114 - Преподаватель: Попов В.В. - Подразделение: Кафедра иностранных языков - Дата/время: 05.03.2024 16:23 2. Суть проблемы: Не могу включить проектор 3. Симптомы: Система зависает при определенных действиях 4. Влияние на учебный процесс: Занятие проведено без мультимедийного оборудования Контакт для обратной связи: Попов В.В. | E74: Решена | F74: Low | G74: Решено | H74: 45950.785 | I74: 45951.162 | J74: 45951.162 | K74: Проектор | L74: MMC v3.2 | M74: MMC v4.8 | N74: Попов В.В. | P74: 0 | Q74: support_team | R74: 4h | T74: 2h | U74: 413 | V74: Гл-114 | W74: A | X74: Не могу включить проектор | Y74: Кафедра иностранных языков | Z74: Среднее | AA74: Личное обращение | AB74: 9.1 | AD74: equipment | AE74: Windows 7 / AMD CPU | AG74: 45950.785 | AH74: 45951.162 | AI74: 45951 | AJ74: 2 | AK74: Высокая | AL74: На месте
A75: MMC-1090 | B75: Запрос на обслуживание | C75: Неисправность оборудования в Гл-211: Нет изображения на экране | D75: ЗАЯВКА В ТЕХПОДДЕРЖКУ 1. Общие сведения: - Аудитория: Гл-211 - Преподаватель: Смирнов А.А. - Подразделение: Кафедра философии и социологии - Дата/время: 01.03.2024 13:15 2. Суть проблемы: Нет изображения на экране 3. Симптомы: Система зависает при определенных действиях 4. Влияние на учебный процесс: Перенесено в другую аудиторию Контакт для обратной связи: Смирнов А.А. | E75: Решена | F75: High | G75: Решено | H75: 45951.463 | I75: 45951.71 | J75: 45951.71 | K75: Другое оборудование | L75: MMC v2.7 | M75: MMC v4.7 | N75: Смирнов А.А. | P75: 2 | Q75: support_team | T75: 2h | U75: 430 | V75: Гл-211 | W75: B | X75: Нет изображения на экране | Y75: Кафедра философии и социологии | Z75: Критичное | AA75: Портал самообслуживания | AB75: 6.0 | AC75: Проблема в драйверах. Обновлено программное обеспечение. | AD75: hardware | AE75: Windows 8 / AMD CPU | AG75: 45951.463 | AH75: 45951.71 | AI75: 45957 | AJ75: 0 | AK75: Низкая | AL75: Консультация
A76: MMC-1008 | B76: Инцидент | C76: Не запускается мультимедийное ПО. Аудитория: Гл-102 | D76: ЗАЯВКА В ТЕХПОДДЕРЖКУ 1. Общие сведения: - Аудитория: Гл-102 - Преподаватель: Попов В.В. - Подразделение: Кафедра инженерной графики - Дата/время: 19.03.2024 16:09 2. Суть проблемы: Не запускается мультимедийное ПО 3. Симптомы: Оборудование не реагирует на команды 4. Влияние на учебный процесс: Перенесено в другую аудиторию Контакт для обратной связи: Попов В.В. | E76: Решена | F76: Medium | G76: Решено | H76: 45951.62 | I76: 45951.676 | J76: 45951.676 | K76: Проектор | L76: MMC v2.3 | M76: MMC v2.1 | N76: Попов В.В. | P76: 3 | Q76: multimedia_dept | R76: 2h | T76: 2h | U76: 190 | V76: Гл-102 | W76: A | X76: Не запускается мультимедийное ПО | Y76: Кафедра инженерной графики | Z76: Низкое | AA76: Телефон | AB76: 1.4 | AD76: urgent | AE76: Windows 10 / Intel CPU | AG76: 45951.62 | AH76: 45951.676 | AI76: 45952 | AJ76: 3 | AK76: Низкая | AL76: На месте
A77: MMC-1044 | B77: Инцидент | C77: Аудитория Гл-108: Нет звука в аудиосистеме | D77: Преподаватель: Сидоров В.В. Подразделение: Кафедра органической химии Аудитория: Гл-108 Дата возникновения проблемы: 20.03.2024 18:57 Описание проблемы: Нет звука в аудиосистеме Предпринятые действия: Проверил настройки ПО, проблема не решена Контактный телефон: +7 (974) 205-49-32 | E77: Решена | F77: Medium | G77: Решено | H77: 45951.69 | I77: 45952.102 | J77: 45952.102 | K77: Проектор | L77: MMC v1.2 | M77: MMC v4.5 | N77: Сидоров В.В. | O77: Иванов А.С. | P77: 2 | Q77: support_team | T77: 3h | U77: 268 | V77: Гл-108 | W77: A | X77: Нет звука в аудиосистеме | Y77: Кафедра органической химии | Z77: Среднее | AA77: Телефон | AB77: 9.9 | AD77: urgent | AE77: Windows 8 / Intel CPU | AG77: 45951.69 | AH77: 45952.102 | AJ77: 1 | AK77: Средняя | AL77: Консультация
A78: MMC-1099 | B78: Проблема | C78: Аудитория Гл-201: Сложность с настройкой источников | D78: Преподаватель: Сидоров В.В. Подразделение: Кафедра общей физики Аудитория: Гл-201 Дата возникновения проблемы: 14.03.2024 13:23 Описание проблемы: Сложность с настройкой источников Предпринятые действия: Проверил настройки ПО, проблема не решена Контактный телефон: +7 (947) 955-27-63 | E78: Решена | F78: Medium | G78: Решено | H78: 45952.475 | I78: 45953.366 | J78: 45953.366 | K78: ПО | L78: MMC v3.3 | M78: MMC v1.4 | N78: Сидоров В.В. | O78: Попов Р.М. | P78: 3 | T78: 6h | U78: 176 | V78: Гл-201 | W78: B | X78: Сложность с настройкой источников | Y78: Кафедра общей физики | Z78: Низкое | AA78: Телефон | AB78: 21.4 | AD78: training_needed | AE78: Windows 8 / AMD CPU | AG78: 45952.475 | AH78: 45953.366 | AJ78: 0 | AK78: Средняя | AL78: Удаленно
A79: MMC-1014 | B79: Инцидент | C79: Неисправность оборудования в Гл-114: Нет изображения на экране | D79: ЗАЯВКА В ТЕХПОДДЕРЖКУ 1. Общие сведения: - Аудитория: Гл-114 - Преподаватель: Васильев Б.Б. - Подразделение: Кафедра иностранных языков - Дата/время: 14.03.2024 10:46 2. Суть проблемы: Нет изображения на экране 3. Симптомы: Посторонние шумы в акустике 4. Влияние на учебный процесс: Проведено с ограничениями Контакт для обратной связи: Васильев Б.Б. | E79: В работе | F79: Low | H79: 45952.744 | I79: 45952.994 | K79: ПО | L79: MMC v2.5 | N79: Васильев Б.Б. | O79: Петрова М.В. | P79: 2 | Q79: support_team | V79: Гл-114 | W79: A | X79: Нет изображения на экране | Y79: Кафедра иностранных языков | Z79: Низкое | AA79: Личное обращение | AD79: training_needed | AE79: Windows 9 / Intel CPU | AG79: 45952.744 | AJ79: 2 | AK79: Средняя | AL79: На месте
A80: MMC-1027 | B80: Запрос на обслуживание | C80: Аудитория Гл-110: Не могу включить проектор | D80: Преподаватель: Сидоров В.В. Подразделение: Кафедра инженерной графики Аудитория: Гл-110 Дата возникновения проблемы: 07.03.2024 14:26 Описание проблемы: Не могу включить проектор Предпринятые действия: Проверил настройки ПО, проблема не решена Контактный телефон: +7 (922) 961-20-18 | E80: Открыта | F80: Medium | H80: 45952.774 | I80: 45954.233 | K80: Компьютер | L80: MMC v3.9 | N80: Сидоров В.В. | P80: 0 | V80: Гл-110 | W80: A | X80: Не могу включить проектор | Y80: Кафедра инженерной графики | Z80: Критичное | AA80: Телефон | AD80: software | AE80: Windows 10 / AMD CPU | AG80: 45952.774 | AJ80: 1 | AK80: Высокая | AL80: Удаленно
A81: MMC-1085 | B81: Проблема | C81: Неисправность оборудования в Гл-210: Другая проблема | D81: ЗАЯВКА В ТЕХПОДДЕРЖКУ 1. Общие сведения: - Аудитория: Гл-210 - Преподаватель: Попов В.В. - Подразделение: Кафедра общей физики - Дата/время: 10.03.2024 14:51 2. Суть проблемы: Другая проблема 3. Симптомы: Оборудование не реагирует на команды 4. Влияние на учебный процесс: Проведено с ограничениями Контакт для обратной связи: Попов В.В. | E81: Решена | F81: High | G81: Решено | H81: 45953.53 | I81: 45955.369 | J81: 45955.369 | K81: Другое оборудование | L81: MMC v1.3 | M81: MMC v3.2 | N81: Попов В.В. | O81: Васильев И.Н. | P81: 1 | T81: 3h | U81: 204 | V81: Гл-210 | W81: B | X81: Другая проблема | Y81: Кафедра общей физики | Z81: Критичное | AA81: Портал самообслуживания | AB81: 44.1 | AC81: Требуется настройка проектора. Выполнена калибровка. | AD81: hardware | AE81: Windows 11 / Intel CPU | AG81: 45953.53 | AH81: 45955.369 | AJ81: 1 | AK81: Высокая | AL81: Консультация
A82: MMC-1007 | B82: Инцидент | C82: Не подключается ноутбук через HDMI в аудитории Гл-111 | D82: СООБЩЕНИЕ О ПРОБЛЕМЕ ------------------ Аудитория: Гл-111 Оборудование: Мультимедийный комплекс Преподаватель: Васильев В.В. Кафедра: Кафедра иностранных языков ПРОБЛЕМА: Не подключается ноутбук через HDMI ВРЕМЯ ВОЗНИКНОВЕНИЯ: 12.03.2024 09:56 ДОПОЛНИТЕЛЬНАЯ ИНФОРМАЦИЯ: Проблема появилась после обновления ПО СТАТУС: Требуется вмешательство специалиста | E82: Решена | F82: Medium | G82: Решено | H82: 45953.552 | I82: 45953.956 | J82: 45953.956 | K82: ПО | L82: MMC v3.4 | M82: MMC v1.8 | N82: Васильев В.В. | P82: 0 | T82: 1h | U82: 480 | V82: Гл-111 | W82: A | X82: Не подключается ноутбук через HDMI | Y82: Кафедра иностранных языков | Z82: Высокое | AA82: Портал самообслуживания | AB82: 9.7 | AD82: equipment | AE82: Windows 9 / Intel CPU | AG82: 45953.552 | AH82: 45953.956 | AI82: 45958 | AJ82: 3 | AK82: Средняя | AL82: Удаленно
A83: MMC-1069 | B83: Проблема | C83: Аудитория Гл-212: Проблема с переключением режимов | D83: Преподаватель: Морозов Б.Б. Подразделение: Кафедра философии и социологии Аудитория: Гл-212 Дата возникновения проблемы: 16.03.2024 08:21 Описание проблемы: Проблема с переключением режимов Предпринятые действия: Попытался использовать запасные кабели, проблема сохраняется Контактный телефон: +7 (970) 103-93-08 | E83: Решена | F83: Low | G83: Решено | H83: 45953.567 | I83: 45955.117 | J83: 45955.117 | K83: Компьютер | L83: MMC v1.0 | M83: MMC v2.9 | N83: Морозов Б.Б. | O83: Сидоров Д.К. | P83: 0 | Q83: multimedia_dept | R83: 1h | T83: 3h | U83: 460 | V83: Гл-212 | W83: B | X83: Проблема с переключением режимов | Y83: Кафедра философии и социологии | Z83: Низкое | AA83: Телефон | AB83: 37.2 | AD83: urgent | AE83: Windows 8 / Intel CPU | AG83: 45953.567 | AH83: 45955.117 | AJ83: 3 | AK83: Высокая | AL83: На месте
A84: MMC-1092 | B84: Запрос на обслуживание | C84: Требуется инструкция по использованию. Аудитория: Гл-202 | D84: СООБЩЕНИЕ О ПРОБЛЕМЕ ------------------ Аудитория: Гл-202 Оборудование: Мультимедийный комплекс Преподаватель: Попов А.А. Кафедра: Кафедра общей физики ПРОБЛЕМА: Требуется инструкция по использованию ВРЕМЯ ВОЗНИКНОВЕНИЯ: 27.03.2024 13:31 ДОПОЛНИТЕЛЬНАЯ ИНФОРМАЦИЯ: Проблема возникает при каждом использовании СТАТУС: Требуется вмешательство специалиста | E84: Закрыта | F84: High | G84: Решено | H84: 45953.694 | I84: 45955.706 | J84: 45955.706 | K84: Проектор | L84: MMC v3.4 | M84: MMC v2.2 | N84: Попов А.А. | P84: 2 | Q84: multimedia_dept | R84: 1h | T84: 6h | U84: 217 | V84: Гл-202 | W84: B | X84: Требуется инструкция по использованию | Y84: Кафедра общей физики | Z84: Низкое | AA84: Портал самообслуживания | AB84: 48.3 | AC84: Проблема решена удаленно через систему управления. | AD84: software | AE84: Windows 10 / AMD CPU | AG84: 45953.694 | AH84: 45955.706 | AJ84: 3 | AK84: Низкая | AL84: Удаленно
A85: MMC-1070 | B85: Инцидент | C85: Не подключается ноутбук через HDMI. Аудитория: Гл-203 | D85: СООБЩЕНИЕ О ПРОБЛЕМЕ ------------------ Аудитория: Гл-203 Оборудование: Мультимедийный комплекс Преподаватель: Федоров А.А. Кафедра: Кафедра безопасности информационных систем ПРОБЛЕМА: Не подключается ноутбук через HDMI ВРЕМЯ ВОЗНИКНОВЕНИЯ: 20.03.2024 13:58 ДОПОЛНИТЕЛЬНАЯ ИНФОРМАЦИЯ: Проблема возникает при каждом использовании СТАТУС: Требуется вмешательство специалиста | E85: Закрыта | F85: Medium | G85: Решено | H85: 45953.697 | I85: 45955.399 | J85: 45955.399 | K85: Проектор | L85: MMC v1.5 | M85: MMC v3.2 | N85: Федоров А.А. | O85: Петрова М.В. | P85: 2 | Q85: support_team | T85: 2h | U85: 227 | V85: Гл-203 | W85: B | X85: Не подключается ноутбук через HDMI | Y85: Кафедра безопасности информационных систем | Z85: Критичное | AA85: Портал самообслуживания | AB85: 40.8 | AD85: multimedia | AE85: Windows 7 / Intel CPU | AG85: 45953.697 | AH85: 45955.399 | AI85: 45955 | AJ85: 3 | AK85: Средняя | AL85: На месте
A86: MMC-1077 | B86: Проблема | C86: Аудитория Гл-210: Сложность с настройкой источников | D86: ЗАЯВКА В ТЕХПОДДЕРЖКУ 1. Общие сведения: - Аудитория: Гл-210 - Преподаватель: Попов В.В. - Подразделение: Кафедра философии и социологии - Дата/время: 24.03.2024 16:48 2. Суть проблемы: Сложность с настройкой источников 3. Симптомы: Оборудование не реагирует на команды 4. Влияние на учебный процесс: Занятие проведено без мультимедийного оборудования Контакт для обратной связи: Попов В.В. | E86: В работе | F86: Medium | H86: 45953.744 | I86: 45954.953 | K86: Другое оборудование | L86: MMC v2.6 | N86: Попов В.В. | O86: Смирнова О.Л. | P86: 2 | Q86: support_team | V86: Гл-210 | W86: B | X86: Сложность с настройкой источников | Y86: Кафедра философии и социологии | Z86: Низкое | AA86: Телефон | AD86: software | AE86: Windows 11 / Intel CPU | AG86: 45953.744 | AJ86: 0 | AK86: Высокая | AL86: На месте
A87: MMC-1086 | B87: Проблема | C87: Другая проблема в аудитории Гл-205 | D87: Преподаватель: Федоров А.А. Подразделение: Кафедра иностранных языков Аудитория: Гл-205 Дата возникновения проблемы: 07.03.2024 11:18 Описание проблемы: Другая проблема Предпринятые действия: Проверил настройки ПО, проблема не решена Контактный телефон: +7 (943) 973-59-89 | E87: Закрыта | F87: Low | G87: Решено | H87: 45953.752 | I87: 45954.812 | J87: 45954.812 | K87: Другое оборудование | L87: MMC v3.1 | M87: MMC v4.0 | N87: Федоров А.А. | O87: Васильев И.Н. | P87: 1 | T87: 3h | U87: 102 | V87: Гл-205 | W87: B | X87: Другая проблема | Y87: Кафедра иностранных языков | Z87: Среднее | AA87: Личное обращение | AB87: 25.4 | AC87: Проблема в драйверах. Обновлено программное обеспечение. | AD87: multimedia | AE87: Windows 8 / AMD CPU | AG87: 45953.752 | AH87: 45954.812 | AI87: 45959 | AJ87: 2 | AK87: Средняя | AL87: Консультация
A88: MMC-1043 | B88: Инцидент | C88: Не могу включить проектор. Аудитория: Гл-110 | D88: СООБЩЕНИЕ О ПРОБЛЕМЕ ------------------ Аудитория: Гл-110 Оборудование: Мультимедийный комплекс Преподаватель: Сидоров Б.Б. Кафедра: Кафедра информатики и вычислительной техники ПРОБЛЕМА: Не могу включить проектор ВРЕМЯ ВОЗНИКНОВЕНИЯ: 21.03.2024 11:48 ДОПОЛНИТЕЛЬНАЯ ИНФОРМАЦИЯ: Проблема появилась после обновления ПО СТАТУС: Требуется вмешательство специалиста | E88: В работе | F88: Low | H88: 45954.719 | I88: 45957.552 | K88: Проектор | L88: MMC v3.9 | N88: Сидоров Б.Б. | P88: 0 | V88: Гл-110 | W88: A | X88: Не могу включить проектор | Y88: Кафедра информатики и вычислительной техники | Z88: Высокое | AA88: Телефон | AC88: Проведена диагностика. Оборудование работает в штатном режиме. | AD88: training_needed | AE88: Windows 8 / AMD CPU | AF88: MMC-0901 | AG88: 45954.719 | AJ88: 0 | AK88: Средняя | AL88: На месте
A89: MMC-1066 | B89: Инцидент | C89: Неисправность оборудования в Гл-213: Не запускается мультимедийное ПО | D89: СООБЩЕНИЕ О ПРОБЛЕМЕ ------------------ Аудитория: Гл-213 Оборудование: Мультимедийный комплекс Преподаватель: Кузнецов Б.Б. Кафедра: Кафедра экономики и менеджмента ПРОБЛЕМА: Не запускается мультимедийное ПО ВРЕМЯ ВОЗНИКНОВЕНИЯ: 27.03.2024 17:02 ДОПОЛНИТЕЛЬНАЯ ИНФОРМАЦИЯ: Проблема появилась после обновления ПО СТАТУС: Требуется вмешательство специалиста | E89: В работе | F89: Medium | H89: 45955.713 | I89: 45956.629 | K89: Компьютер | L89: MMC v2.8 | N89: Кузнецов Б.Б. | P89: 2 | Q89: support_team | R89: 2h | V89: Гл-213 | W89: B | X89: Не запускается мультимедийное ПО | Y89: Кафедра экономики и менеджмента | Z89: Критичное | AA89: Личное обращение | AC89: Требуется замена блока питания. Оборудование снято с эксплуатации. | AD89: software | AE89: Windows 11 / Intel CPU | AG89: 45955.713 | AJ89: 1 | AK89: Низкая | AL89: Удаленно
A90: MMC-1076 | B90: Запрос на обслуживание | C90: Другая проблема. Аудитория: Гл-210 | D90: СООБЩЕНИЕ О ПРОБЛЕМЕ ------------------ Аудитория: Гл-210 Оборудование: Мультимедийный комплекс Преподаватель: Попов В.В. Кафедра: Кафедра инженерной графики ПРОБЛЕМА: Другая проблема ВРЕМЯ ВОЗНИКНОВЕНИЯ: 04.03.2024 08:32 ДОПОЛНИТЕЛЬНАЯ ИНФОРМАЦИЯ: Проблема появилась после обновления ПО СТАТУС: Требуется вмешательство специалиста | E90: Решена | F90: Medium | G90: Решено | H90: 45956.343 | I90: 45957.208 | J90: 45957.208 | K90: Компьютер | L90: MMC v2.5 | M90: MMC v3.4 | N90: Попов В.В. | O90: Васильев И.Н. | P90: 1 | T90: 2h | U90: 129 | V90: Гл-210 | W90: B | X90: Другая проблема | Y90: Кафедра инженерной графики | Z90: Низкое | AA90: Портал самообслуживания | AB90: 20.8 | AC90: Проверил оборудование. Замена кабеля HDMI решает проблему. | AD90: software | AE90: Windows 10 / AMD CPU | AG90: 45956.343 | AH90: 45957.208 | AJ90: 3 | AK90: Высокая | AL90: Удаленно
A91: MMC-1052 | B91: Запрос на обслуживание | C91: Неисправность оборудования в Гл-103: Не могу включить проектор | D91: ЗАЯВКА В ТЕХПОДДЕРЖКУ 1. Общие сведения: - Аудитория: Гл-103 - Преподаватель: Сидоров Б.Б. - Подразделение: Кафедра высшей математики - Дата/время: 18.03.2024 14:27 2. Суть проблемы: Не могу включить проектор 3. Симптомы: Оборудование не реагирует на команды 4. Влияние на учебный процесс: Перенесено в другую аудиторию Контакт для обратной связи: Сидоров Б.Б. | E91: Решена | F91: Medium | G91: Решено | H91: 45956.397 | I91: 45957.358 | J91: 45957.358 | K91: Другое оборудование | L91: MMC v1.1 | M91: MMC v3.2 | N91: Сидоров Б.Б. | P91: 1 | Q91: multimedia_dept | T91: 3h | U91: 154 | V91: Гл-103 | W91: A | X91: Не могу включить проектор | Y91: Кафедра высшей математики | Z91: Критичное | AA91: Телефон | AB91: 23.1 | AC91: Проблема решена удаленно через систему управления. | AD91: urgent | AE91: Windows 9 / Intel CPU | AG91: 45956.397 | AH91: 45957.358 | AJ91: 3 | AK91: Высокая | AL91: Консультация
A92: MMC-1050 | B92: Проблема | C92: Нет звука в аудиосистеме в аудитории Гл-112 | D92: ЗАЯВКА В ТЕХПОДДЕРЖКУ 1. Общие сведения: - Аудитория: Гл-112 - Преподаватель: Волков В.В. - Подразделение: Кафедра истории России - Дата/время: 01.03.2024 11:32 2. Суть проблемы: Нет звука в аудиосистеме 3. Симптомы: Оборудование не реагирует на команды 4. Влияние на учебный процесс: Проведено с ограничениями Контакт для обратной связи: Волков В.В. | E92: В работе | F92: Medium | H92: 45956.549 | I92: 45959.465 | K92: Проектор | L92: MMC v1.8 | N92: Волков В.В. | O92: Иванов А.С. | P92: 0 | Q92: multimedia_dept | R92: 3h | V92: Гл-112 | W92: A | X92: Нет звука в аудиосистеме | Y92: Кафедра истории России | Z92: Критичное | AA92: Личное обращение | AC92: Проблема в драйверах. Обновлено программное обеспечение. | AD92: multimedia | AE92: Windows 7 / Intel CPU | AG92: 45956.549 | AI92: 45959 | AJ92: 2 | AK92: Средняя | AL92: На месте
A93: MMC-1048 | B93: Запрос на обслуживание | C93: Проблема: Нет изображения на экране (аудитория Гл-107) | D93: Преподаватель: Петров В.В. Подразделение: Кафедра истории России Аудитория: Гл-107 Дата возникновения проблемы: 05.03.2024 14:15 Описание проблемы: Нет изображения на экране Предпринятые действия: Переключил источники сигнала, безрезультатно Контактный телефон: +7 (942) 708-66-88 | E93: Решена | F93: Low | G93: Решено | H93: 45956.681 | I93: 45957.812 | J93: 45957.812 | K93: Компьютер | L93: MMC v1.8 | M93: MMC v2.0 | N93: Петров В.В. | P93: 0 | T93: 5h | U93: 470 | V93: Гл-107 | W93: A | X93: Нет изображения на экране | Y93: Кафедра истории России | Z93: Высокое | AA93: Личное обращение | AB93: 27.1 | AD93: urgent | AE93: Windows 9 / Intel CPU | AG93: 45956.681 | AH93: 45957.812 | AJ93: 0 | AK93: Высокая | AL93: На месте
A94: MMC-1067 | B94: Проблема | C94: Неисправность оборудования в Гл-201: Не подключается ноутбук через HDMI | D94: СООБЩЕНИЕ О ПРОБЛЕМЕ ------------------ Аудитория: Гл-201 Оборудование: Мультимедийный комплекс Преподаватель: Попов В.В. Кафедра: Кафедра высшей математики ПРОБЛЕМА: Не подключается ноутбук через HDMI ВРЕМЯ ВОЗНИКНОВЕНИЯ: 02.03.2024 15:03 ДОПОЛНИТЕЛЬНАЯ ИНФОРМАЦИЯ: Ранее подобных проблем не наблюдалось СТАТУС: Требуется вмешательство специалиста | E94: В работе | F94: Highest | H94: 45957.464 | I94: 45959.631 | K94: Другое оборудование | L94: MMC v2.2 | N94: Попов В.В. | P94: 1 | Q94: support_team | V94: Гл-201 | W94: B | X94: Не подключается ноутбук через HDMI | Y94: Кафедра высшей математики | Z94: Высокое | AA94: Телефон | AC94: Настроены параметры отображения. Проблема устранена. | AD94: equipment | AE94: Windows 9 / AMD CPU | AG94: 45957.464 | AJ94: 0 | AK94: Низкая | AL94: На месте
A95: MMC-1084 | B95: Инцидент | C95: Другая проблема. Аудитория: Гл-208 | D95: СООБЩЕНИЕ О ПРОБЛЕМЕ ------------------ Аудитория: Гл-208 Оборудование: Мультимедийный комплекс Преподаватель: Морозов В.В. Кафедра: Кафедра безопасности информационных систем ПРОБЛЕМА: Другая проблема ВРЕМЯ ВОЗНИКНОВЕНИЯ: 27.03.2024 17:30 ДОПОЛНИТЕЛЬНАЯ ИНФОРМАЦИЯ: Иногда работает нормально, иногда нет СТАТУС: Требуется вмешательство специалиста | E95: Решена | F95: Medium | G95: Решено | H95: 45957.49 | I95: 45958.616 | J95: 45958.616 | K95: ПО | L95: MMC v3.5 | M95: MMC v4.6 | N95: Морозов В.В. | O95: Кузнецова Е.П. | P95: 2 | Q95: support_team | R95: 3h | T95: 4h | U95: 168 | V95: Гл-208 | W95: B | X95: Другая проблема | Y95: Кафедра безопасности информационных систем | Z95: Высокое | AA95: Личное обращение | AB95: 27.0 | AC95: Требуется замена блока питания. Оборудование снято с эксплуатации. | AD95: urgent | AE95: Windows 11 / AMD CPU | AG95: 45957.49 | AH95: 45958.616 | AI95: 45963 | AJ95: 1 | AK95: Низкая | AL95: Удаленно
A96: MMC-1075 | B96: Проблема | C96: Проблема: Не запускается мультимедийное ПО (аудитория Гл-215) | D96: СООБЩЕНИЕ О ПРОБЛЕМЕ ------------------ Аудитория: Гл-215 Оборудование: Мультимедийный комплекс Преподаватель: Волков В.В. Кафедра: Кафедра иностранных языков ПРОБЛЕМА: Не запускается мультимедийное ПО ВРЕМЯ ВОЗНИКНОВЕНИЯ: 20.03.2024 15:11 ДОПОЛНИТЕЛЬНАЯ ИНФОРМАЦИЯ: Проблема появилась после обновления ПО СТАТУС: Требуется вмешательство специалиста | E96: Открыта | F96: Low | H96: 45957.495 | I96: 45957.703 | K96: Компьютер | L96: MMC v3.1 | N96: Волков В.В. | P96: 3 | V96: Гл-215 | W96: B | X96: Не запускается мультимедийное ПО | Y96: Кафедра иностранных языков | Z96: Высокое | AA96: Email | AC96: Оборудование исправно. Проведен инструктаж пользователя. | AD96: urgent | AE96: Windows 10 / Intel CPU | AF96: MMC-0998 | AG96: 45957.495 | AI96: 45961 | AJ96: 1 | AK96: Высокая | AL96: Удаленно
A97: MMC-1073 | B97: Инцидент | C97: Требуется инструкция по использованию. Аудитория: Гл-215 | D97: Преподаватель: Попов Б.Б. Подразделение: Кафедра общей физики Аудитория: Гл-215 Дата возникновения проблемы: 27.03.2024 18:09 Описание проблемы: Требуется инструкция по использованию Предпринятые действия: Переключил источники сигнала, безрезультатно Контактный телефон: +7 (923) 320-61-63 | E97: Решена | F97: Medium | G97: Решено | H97: 45958.356 | I97: 45959.808 | J97: 45959.808 | K97: Сетевое оборудование | L97: MMC v3.5 | M97: MMC v3.8 | N97: Попов Б.Б. | O97: Иванов А.С. | P97: 3 | T97: 2h | U97: 390 | V97: Гл-215 | W97: B | X97: Требуется инструкция по использованию | Y97: Кафедра общей физики | Z97: Критичное | AA97: Телефон | AB97: 34.9 | AC97: Требуется настройка проектора. Выполнена калибровка. | AD97: urgent | AE97: Windows 11 / AMD CPU | AF97: MMC-0933 | AG97: 45958.356 | AH97: 45959.808 | AJ97: 3 | AK97: Высокая | AL97: Консультация
A98: MMC-1040 | B98: Запрос на обслуживание | C98: Не запускается мультимедийное ПО в аудитории Гл-101 | D98: СООБЩЕНИЕ О ПРОБЛЕМЕ ------------------ Аудитория: Гл-101 Оборудование: Мультимедийный комплекс Преподаватель: Морозов А.А. Кафедра: Кафедра экономики и менеджмента ПРОБЛЕМА: Не запускается мультимедийное ПО ВРЕМЯ ВОЗНИКНОВЕНИЯ: 17.03.2024 15:48 ДОПОЛНИТЕЛЬНАЯ ИНФОРМАЦИЯ: Проблема возникает при каждом использовании СТАТУС: Требуется вмешательство специалиста | E98: В работе | F98: Medium | H98: 45958.394 | I98: 45959.81 | K98: Компьютер | L98: MMC v3.5 | N98: Морозов А.А. | O98: Кузнецова Е.П. | P98: 3 | Q98: multimedia_dept | V98: Гл-101 | W98: A | X98: Не запускается мультимедийное ПО | Y98: Кафедра экономики и менеджмента | Z98: Критичное | AA98: Email | AC98: Проблема решена удаленно через систему управления. | AD98: hardware | AE98: Windows 10 / Intel CPU | AG98: 45958.394 | AJ98: 2 | AK98: Высокая | AL98: На месте
A99: MMC-1098 | B99: Инцидент | C99: Проблема: Нет изображения на экране (аудитория Гл-215) | D99: Преподаватель: Сидоров В.В. Подразделение: Кафедра органической химии Аудитория: Гл-215 Дата возникновения проблемы: 25.03.2024 16:02 Описание проблемы: Нет изображения на экране Предпринятые действия: Проверил настройки ПО, проблема не решена Контактный телефон: +7 (995) 211-17-90 | E99: Решена | F99: Low | G99: Решено | H99: 45960.48 | I99: 45961.179 | J99: 45961.179 | K99: ПО | L99: MMC v2.7 | M99: MMC v2.8 | N99: Сидоров В.В. | P99: 1 | Q99: multimedia_dept | T99: 5h | U99: 316 | V99: Гл-215 | W99: B | X99: Нет изображения на экране | Y99: Кафедра органической химии | Z99: Низкое | AA99: Телефон | AB99: 16.8 | AC99: Проведена диагностика. Оборудование работает в штатном режиме. | AD99: software | AE99: Windows 8 / AMD CPU | AF99: MMC-0989 | AG99: 45960.48 | AH99: 45961.179 | AJ99: 2 | AK99: Высокая | AL99: Удаленно
A100: MMC-1045 | B100: Инцидент | C100: Нет изображения на экране. Аудитория: Гл-109 | D100: Преподаватель: Сидоров Б.Б. Подразделение: Кафедра органической химии Аудитория: Гл-109 Дата возникновения проблемы: 22.03.2024 17:55 Описание проблемы: Нет изображения на экране Предпринятые действия: Проверил подключение питания, перезагрузил оборудование Контактный телефон: +7 (979) 568-78-33 | E100: В работе | F100: Low | H100: 45960.531 | I100: 45962.114 | K100: Проектор | L100: MMC v1.8 | N100: Сидоров Б.Б. | O100: Кузнецова Е.П. | P100: 1 | V100: Гл-109 | W100: A | X100: Нет изображения на экране | Y100: Кафедра органической химии | Z100: Низкое | AA100: Телефон | AC100: Настроены параметры отображения. Проблема устранена. | AD100: training_needed | AE100: Windows 7 / AMD CPU | AF100: MMC-0958 | AG100: 45960.531 | AJ100: 3 | AK100: Средняя | AL100: Консультация
...

Sheet simple_data_Table
A1: Issue Key | B1: Summary | C1: Status | D1: Priority | E1: Created | F1: Аудитория | G1: Группа A/B теста | H1: Категория проблемы | I1: Component/s | J1: Время решения (часы) | K1: Кафедра | L1: Влияние на процесс
A2: MMC-1004 | B2: Не могу включить проектор в аудитории Гл-108 | C2: Решена | D2: Low | E2: 45931.416 | F2: Гл-108 | G2: A | H2: Не могу включить проектор | I2: Другое оборудование | J2: 20.2 | K2: Кафедра безопасности информационных систем | L2: Высокое
A3: MMC-1097 | B3: Неисправность оборудования в Гл-210: Не могу включить проектор | C3: Решена | D3: Medium | E3: 45931.508 | F3: Гл-210 | G3: B | H3: Не могу включить проектор | I3: Сетевое оборудование | J3: 7.6 | K3: Кафедра иностранных языков | L3: Низкое
A4: MMC-1033 | B4: Нет изображения на экране в аудитории Гл-115 | C4: Решена | D4: Low | E4: 45931.585 | F4: Гл-115 | G4: A | H4: Нет изображения на экране | I4: ПО | J4: 24.2 | K4: Кафедра иностранных языков | L4: Низкое
A5: MMC-1091 | B5: Неисправность оборудования в Гл-211: Другая проблема | C5: Решена | D5: Medium | E5: 45931.734 | F5: Гл-211 | G5: B | H5: Другая проблема | I5: Акустика | J5: 38.2 | K5: Кафедра инженерной графики | L5: Критичное
A6: MMC-1074 | B6: Аудитория Гл-208: Сложность с настройкой источников | C6: Решена | D6: Low | E6: 45932.428 | F6: Гл-208 | G6: B | H6: Сложность с настройкой источников | I6: Сетевое оборудование | J6: 40.6 | K6: Кафедра информатики и вычислительной техники | L6: Среднее
A7: MMC-1025 | B7: Неисправность оборудования в Гл-105: Не могу включить проектор | C7: Решена | D7: Medium | E7: 45932.449 | F7: Гл-105 | G7: A | H7: Не могу включить проектор | I7: Сетевое оборудование | J7: 8.8 | K7: Кафедра иностранных языков | L7: Среднее
A8: MMC-1035 | B8: Не подключается ноутбук через HDMI. Аудитория: Гл-105 | C8: Решена | D8: Medium | E8: 45932.758 | F8: Гл-105 | G8: A | H8: Не подключается ноутбук через HDMI | I8: Компьютер | J8: 4.9 | K8: Кафедра высшей математики | L8: Критичное
A9: MMC-1002 | B9: Другая проблема. Аудитория: Гл-112 | C9: В работе | D9: Medium | E9: 45933.363 | F9: Гл-112 | G9: A | H9: Другая проблема | I9: Другое оборудование | J9: 0 | K9: Кафедра органической химии | L9: Критичное
A10: MMC-1072 | B10: Аудитория Гл-207: Нет изображения на экране | C10: Решена | D10: Highest | E10: 45933.536 | F10: Гл-207 | G10: B | H10: Нет изображения на экране | I10: Сетевое оборудование | J10: 39.5 | K10: Кафедра органической химии | L10: Высокое
A11: MMC-1037 | B11: Неисправность оборудования в Гл-112: Не могу включить проектор | C11: Решена | D11: Medium | E11: 45933.69 | F11: Гл-112 | G11: A | H11: Не могу включить проектор | I11: Другое оборудование | J11: 20.9 | K11: Кафедра общей физики | L11: Среднее
A12: MMC-1001 | B12: Неисправность оборудования в Гл-111: Не запускается мультимедийное ПО | C12: Решена | D12: Low | E12: 45934.366 | F12: Гл-111 | G12: A | H12: Не запускается мультимедийное ПО | I12: Проектор | J12: 15.1 | K12: Кафедра истории России | L12: Среднее
A13: MMC-1088 | B13: Не могу включить проектор. Аудитория: Гл-202 | C13: Решена | D13: Low | E13: 45934.451 | F13: Гл-202 | G13: B | H13: Не могу включить проектор | I13: Сетевое оборудование | J13: 1.7 | K13: Кафедра органической химии | L13: Критичное
... A101: MMC-1063 | B101: Нет звука в аудиосистеме в аудитории Гл-202 | C101: Решена | D101: Low | E101: 45960.588 | F101: Гл-202 | G101: B | H101: Нет звука в аудиосистеме | I101: Компьютер | J101: 39 | K101: Кафедра общей физики | L101: Высокое

Sheet jira_aggregated_data
A1: Аудитория | B1: Группа A/B теста | C1: Количество заявок | D1: Среднее время решения
A2: Гл-101 | B2: A | C2: 3 | D2: 29.8
A3: Гл-102 | B3: A | C3: 7 | D3: 24.6
A4: Гл-103 | B4: A | C4: 7 | D4: 36.8
A5: Гл-104 | B5: A | C5: 6 | D5: 35.6
A6: Гл-105 | B6: A | C6: 5 | D6: 22.1
A7: Гл-106 | B7: A | C7: 3 | D7: 33.9
A8: Гл-107 | B8: A | C8: 3 | D8: 28.3
A9: Гл-108 | B9: A | C9: 2 | D9: 15
A10: Гл-109 | B10: A | C10: 6 | D10: 28.8
A11: Гл-110 | B11: A | C11: 4 | D11: 26.8
A12: Гл-111 | B12: A | C12: 4 | D12: 20.3
A13: Гл-112 | B13: A | C13: 3 | D13: 20.9
... A27: Гл-212 | B27: B | C27: 3 | D27: 29.6
A28: Гл-213 | B28: B | C28: 1 | D28: -
A29: Гл-215 | B29: B | C29: 5 | D29: 30.3

Sheet jira_daily_stats
A1: Дата | B1: A | C1: B
A2: 45931 | B2: 2 | C2: 2
A3: 45932 | B3: 2 | C3: 1
A4: 45933 | B4: 2 | C4: 1
A5: 45934 | B5: 1 | C5: 3
A6: 45935 | B6: 1 | C6: 3
A7: 45936 | B7: 1 | C7: 2
A8: 45937 | B8: 2 | C8: 1
A9: 45938 | B9: 4 | C9: 0
A10: 45939 | B10: 3 | C10: 0
A11: 45940 | B11: 2 | C11: 1
A12: 45941 | B12: 3 | C12: 0
A13: 45942 | B13: 2 | C13: 2
... A30: 45960 | B30: 1 | C30: 2

Sheet T-test
A1: Расчет T-теста
B2: Контрольная | C2: Тестовая
B3: {=_xlfn._xlws.FILTER(jira_aggregated_data[Количество заявок],jira_aggregated_data[Группа A/B теста]="A")} -> 3 | C3: {=_xlfn._xlws.FILTER(jira_aggregated_data[Количество заявок],jira_aggregated_data[Группа A/B теста]="B")} -> 4
B4: 7 | C4: 5
B5: 7 | C5: 3
B6: 6 | C6: 1
B7: 5 | C7: 1
B8: 3 | C8: 2
B9: 3 | C9: 5
B10: 2 | C10: 2
B11: 6 | C11: 2
B12: 4 | C12: 4
B13: 4 | C13: 2
B14: 3 | C14: 3
B15: 2 | C15: 1
B16: 5 | C16: 5
A17: Итого | B17: =SUM(_xlfn.ANCHORARRAY(B3)) -> 60 | C17: =SUM(_xlfn.ANCHORARRAY(C3)) -> 40
A18: Статистика
A19: Среднее A | B19: =AVERAGE(_xlfn.ANCHORARRAY(B3)) -> 4.2857143 | C19: Расчет степеней свободы
A20: Среднее B | B20: =AVERAGE(_xlfn.ANCHORARRAY(C3)) -> 2.8571429 | C20: Дисперсия распределений выборочных средних первой выборки | D20: =POWER(B22,2)/B24 -> 0.04981685
A21: Гипотеза (Разность предпологаемых средних) | B21: 0 | C21: Дисперсия распределений выборочных средних второй выборки | D21: =POWER(B23,2)/B25 -> 0.057142857
A22: Стандартное отклонение A | B22: =_xlfn.STDEV.S(_xlfn.ANCHORARRAY(B3)) -> 1.7288756 | C22: Степени свободы | D22: =POWER((D20+D21),2)/((POWER(D20,2)/(B24-1))+(POWER(D21,2)/(B25-1))) -> 90.949089
A23: Стандартное отклонение B | B23: =_xlfn.STDEV.S(_xlfn.ANCHORARRAY(C3)) -> 1.5118579 | C23: T-тест | D23: =((B19-B20)-B21)/B26 -> 4.3680928
A24: Размер первой выборки | B24: =B17 -> 60 | C24: p-значение | D24: =_xlfn.T.TEST(B3:B16,C3:C16,1,2) -> 0.013999833
A25: Размер второй выборки | B25: =C17 -> 40 | C25: Интерпритация | D25: {=IF(D24, "Статистически значимо (p < 0.05)", IF(ячейка_p < 0.1, "Тенденция (p < 0.1)", "Не значимо (p ≥ 0.1)"))} -> Статистически значимо (p < 0.05)
A26: Оценка стандартной ошибки разности средних | B26: =SQRT((POWER(B22,2)/B24)+(POWER(B23,2)/B25)) -> 0.32704695 | C26: Эффект | D26: =(B20-B19)/B19 -> -0.33333333
C27: Доверительный интервал | D27: =_xlfn.CONFIDENCE.T(0.05,B22,B17) -> 0.44661594

Sheet Сводные таблицы
A1: Priority | B1: (Все)
A3: Названия строк | B3: Количество по полю Issue Key | C3: Среднее по полю Время решения (часы)
A4: A | B4: 60 | C4: 18.133333
A5: B | B5: 40 | C5: 22.29
A6: Общий итог | B6: 100 | C6: 19.796
A10: Количество по полю Issue Key | B10: Названия столбцов
A11: Названия строк | B11: A | C11: B | D11: Общий итог
A12: Другая проблема | B12: 5 | C12: 9 | D12: 14
A13: Не запускается мультимедийное ПО | B13: 8 | C13: 2 | D13: 10
A14: Не могу включить проектор | B14: 19 | C14: 5 | D14: 24
A15: Не подключается ноутбук через HDMI | B15: 7 | C15: 3 | D15: 10
A16: Нет звука в аудиосистеме | B16: 8 | C16: 2 | D16: 10
A17: Нет изображения на экране | B17: 9 | C17: 6 | D17: 15
A18: Проблема с переключением режимов | C18: 2 | D18: 2
A19: Сложность с настройкой источников | C19: 9 | D19: 9
A20: Требуется инструкция по использованию | B20: 4 | C20: 2 | D20: 6
A21: Общий итог | B21: 60 | C21: 40 | D21: 100
A25: Количество по полю Issue Key | B25: Названия столбцов
A26: Названия строк | B26: A | C26: B | D26: Общий итог | F26: Метрика | G26: Группа A | H26: Группа B | I26: Изменение
A27: Другая проблема | B27: 5 | C27: 9 | D27: 14 | F27: Всего заявок | G27: =COUNTIF(jira_simple_export[Группа A/B теста], "A") -> 60 | H27: =COUNTIF(jira_simple_export[Группа A/B теста], "B") -> 40 | I27: =1-H27/G27 -> 0.33333333
A28: Не запускается мультимедийное ПО | B28: 8 | C28: 2 | D28: 10 | F28: Среднее время решения | G28: =AVERAGEIF(jira_simple_export[Группа A/B теста], "A", jira_simple_export[Время решения (часы)]) -> 18.133333 | H28: =AVERAGEIF(jira_simple_export[Группа A/B теста], "B", jira_simple_export[Время решения (часы)]) -> 22.29 | I28: =1-H28/G28 -> -0.22922794
A29: Не могу включить проектор | B29: 19 | C29: 5 | D29: 24 | F29: Критичных заявок | G29: =COUNTIFS(jira_simple_export[Группа A/B теста], "A", jira_simple_export[Priority], "Highest") -> 1 | H29: =COUNTIFS(jira_simple_export[Группа A/B теста], "B", jira_simple_export[Priority], "Highest") -> 3 | I29: =1-H29/G29 -> -2
A30: Не подключается ноутбук через HDMI | B30: 7 | C30: 3 | D30: 10
A31: Нет звука в аудиосистеме | B31: 8 | C31: 2 | D31: 10
A32: Нет изображения на экране | B32: 9 | C32: 6 | D32: 15
A33: Проблема с переключением режимов | C33: 2 | D33: 2
A34: Сложность с настройкой источников | C34: 9 | D34: 9
A35: Требуется инструкция по использованию | B35: 4 | C35: 2 | D35: 6
A36: Общий итог | B36: 60 | C36: 40 | D36: 100

Sheet Дашборд
A1: A/B-тест: Новая структура инструкции для мультимедийных комплексов в аудиториях
A2: Ключевые метрики
A3: Метрика | B3: Группа A (старая инструкция) | C3: Группа B (новая инструкция) | D3: Изменение
A4: Всего заявок | B4: ='T-test'!B17 -> 60 | C4: ='T-test'!C17 -> 40 | D4: =(B4-C4)/B4 -> 0.33333333
A5: Среднее заявок/ауд | B5: ='T-test'!B19 -> 4.2857143 | C5: ='T-test'!B20 -> 2.8571429 | D5: =(B5-C5)/B5 -> 0.33333333
A6: Среднее время решения | B6: ='Сводные таблицы'!G28 -> 18.133333 | C6: ='Сводные таблицы'!H28 -> 22.29 | D6: =(B6-C6)/B6 -> -0.22922794
A7: Критичные заявки | B7: ='Сводные таблицы'!G29 -> 1 | C7: ='Сводные таблицы'!H29 -> 3 | D7: =(B7-C7)/B7 -> -2
A8: Результат Т-теста
A9: P-значение | B9: ='T-test'!D24 -> 0.013999833
A10: Статистическая значимость | B10: =IF(B9<0.05, "Статистически значимо", "Статистически не значимо") -> Статистически значимо
A11: Эффект | B11: =TEXT('T-test'!$D$26,"0,0%") -> -33,3%
A12: Доверительный интервал 95% | B12: =TEXT('T-test'!$D$27,"0,00") -> 0,45
A13: Количество по полю Issue Key | B13: Названия столбцов | E13: Вывод: Новая инструкция статистически значимо снижает количество заявок на 33,3%.
A14: Названия строк | B14: A | C14: B | D14: Общий итог | E14: Рекомендации
A15: Другая проблема | B15: 5 | C15: 9 | D15: 14 | E15: Внедрить новую инструкцию в остальных аудиториях
A16: Не запускается мультимедийное ПО | B16: 8 | C16: 2 | D16: 10 | E16: Провести повторный тест через 3 месяца
A17: Не могу включить проектор | B17: 19 | C17: 5 | D17: 24 | E17: Проработать сценарий возникновения критичных проблем
A18: Не подключается ноутбук через HDMI | B18: 7 | C18: 3 | D18: 10
A19: Нет звука в аудиосистеме | B19: 8 | C19: 2 | D19: 10
A20: Нет изображения на экране | B20: 9 | C20: 6 | D20: 15
A21: Проблема с переключением режимов | C21: 2 | D21: 2
A22: Сложность с настройкой источников | C22: 9 | D22: 9
A23: Требуется инструкция по использованию | B23: 4 | C23: 2 | D23: 6
A24: Общий итог | B24: 60 | C24: 40 | D24: 100
